№;Type;Tag;Name;IO Addr;Bit;pulse_on;pulse_off
1;DI;DI_1;Дверь открыта;34120;7;0.1;0.1
2;DI;DI_2;Вентилятор выключен;34121;7;0.1;0.1
3;DI;DI_3;Принтер неисправен;34122;7;0.1;0.1
4;DI;DI_4;Дверь открыта;34123;7;0.1;0.1
5;DI;DI_5;Вентилятор выключен;34124;7;0.1;0.1
6;DI;DI_6;Принтер неисправен;34125;7;0.1;0.1
7;DI;DI_7;Дверь открыта;34126;7;0.1;0.1
8;DI;DI_8;Вентилятор выключен;34127;7;0.1;0.1
9;DI;DI_9;Принтер неисправен;34128;7;0.1;0.1
10;DI;DI_10;Дверь открыта;34129;7;0.1;0.1
11;DI;DI_11;Вентилятор выключен;34130;7;0.1;0.1
12;DI;DI_12;Принтер неисправен;34131;7;0.1;0.1
13;DI;DI_13;Дверь открыта;34132;7;0.1;0.1
14;DI;DI_14;Вентилятор выключен;34133;7;0.1;0.1
15;DI;DI_15;Принтер неисправен;34134;7;0.1;0.1
16;DI;DI_16;Дверь открыта;34135;7;0.1;0.1
17;DI;DI_17;Вентилятор выключен;34136;7;0.1;0.1
18;DI;DI_18;Принтер неисправен;34137;7;0.1;0.1
19;DI;DI_19;Дверь открыта;34138;7;0.1;0.1
20;DI;DI_20;Вентилятор выключен;34139;7;0.1;0.1
21;TS;TS_1;Дверь открыта;34140;7;0.1;0.1
22;DI;DI_20;Дверь открыта;34120;7;0.1;0.1
23;DI;DI_21;Вентилятор выключен;34121;7;0.1;0.1
24;DI;DI_22;Принтер неисправен;34122;7;0.1;0.1
25;DI;DI_23;Дверь открыта;34123;7;0.1;0.1
26;DI;DI_24;Вентилятор выключен;34124;7;0.1;0.1
27;DI;DI_25;Принтер неисправен;34125;7;0.1;0.1
28;DI;DI_26;Дверь открыта;34126;7;0.1;0.1
29;DI;DI_27;Вентилятор выключен;34127;7;0.1;0.1
30;DI;DI_28;Принтер неисправен;34128;7;0.1;0.1
31;DI;DI_29;Дверь открыта;34129;7;0.1;0.1
32;DI;DI_30;Вентилятор выключен;34130;7;0.1;0.1
33;DI;DI_31;Принтер неисправен;34131;7;0.1;0.1
34;DI;DI_32;Дверь открыта;34132;7;0.1;0.1
35;DI;DI_33;Вентилятор выключен;34133;7;0.1;0.1
36;DI;DI_34;Принтер неисправен;34134;7;0.1;0.1
37;DI;DI_35;Дверь открыта;34135;7;0.1;0.1
38;DI;DI_36;Вентилятор выключен;34136;7;0.1;0.1
39;DI;DI_37;Принтер неисправен;34137;7;0.1;0.1
40;DI;DI_38;Дверь открыта;34138;7;0.1;0.1
41;DI;DI_39;Вентилятор выключен;34139;7;0.1;0.1
42;DI;DI_40;Дверь открыта;34140;7;0.1;0.1
43;DI;DI_41;Дверь открыта;34120;7;0.1;0.1
44;DI;DI_42;Вентилятор выключен;34121;7;0.1;0.1
45;DI;DI_43;Принтер неисправен;34122;7;0.1;0.1
46;DI;DI_44;Дверь открыта;34123;7;0.1;0.1
47;DI;DI_45;Вентилятор выключен;34124;7;0.1;0.1
48;DI;DI_46;Принтер неисправен;34125;7;0.1;0.1
49;DI;DI_47;Дверь открыта;34126;7;0.1;0.1
50;DI;DI_48;Вентилятор выключен;34127;7;0.1;0.1
51;DI;DI_49;Принтер неисправен;34128;7;0.1;0.1
52;DI;DI_50;Дверь открыта;34129;7;0.1;0.1
53;DI;DI_51;Вентилятор выключен;34130;7;0.1;0.1
54;DI;DI_52;Принтер неисправен;34131;7;0.1;0.1
55;DI;DI_53;Дверь открыта;34132;7;0.1;0.1
56;DI;DI_54;Вентилятор выключен;34133;7;0.1;0.1
57;DI;DI_55;Принтер неисправен;34134;7;0.1;0.1
58;DI;DI_56;Дверь открыта;34135;7;0.1;0.1
59;DI;DI_57;Вентилятор выключен;34136;7;0.1;0.1
60;DI;DI_58;Принтер неисправен;34137;7;0.1;0.1
61;DI;DI_59;Дверь открыта;34138;7;0.1;0.1
62;DI;DI_60;Вентилятор выключен;34139;7;0.1;0.1
63;DI;DI_61;Дверь открыта;34140;7;0.1;0.1
64;DI;DI_62;Дверь открыта;34120;7;0.1;0.1
65;DI;DI_63;Вентилятор выключен;34121;7;0.1;0.1
66;DI;DI_64;Принтер неисправен;34122;7;0.1;0.1
67;DI;DI_65;Дверь открыта;34123;7;0.1;0.1
68;DI;DI_66;Вентилятор выключен;34124;7;0.1;0.1
69;DI;DI_67;Принтер неисправен;34125;7;0.1;0.1
70;DI;DI_68;Дверь открыта;34126;7;0.1;0.1
71;DI;DI_69;Вентилятор выключен;34127;7;0.1;0.1
72;DI;DI_70;Принтер неисправен;34128;7;0.1;0.1
73;DI;DI_71;Дверь открыта;34129;7;0.1;0.1
74;DI;DI_72;Вентилятор выключен;34130;7;0.1;0.1
75;DI;DI_73;Принтер неисправен;34131;7;0.1;0.1
76;DI;DI_74;Дверь открыта;34132;7;0.1;0.1
77;DI;DI_75;Вентилятор выключен;34133;7;0.1;0.1
78;DI;DI_76;Принтер неисправен;34134;7;0.1;0.1
79;DI;DI_77;Дверь открыта;34135;7;0.1;0.1
80;DI;DI_78;Вентилятор выключен;34136;7;0.1;0.1
81;DI;DI_79;Принтер неисправен;34137;7;0.1;0.1
82;DI;DI_80;Дверь открыта;34138;7;0.1;0.1
83;DI;DI_81;Вентилятор выключен;34139;7;0.1;0.1
84;DI;DI_82;Дверь открыта;34140;7;0.1;0.1
85;DI;DI_83;Дверь открыта;34120;7;0.1;0.1
86;DI;DI_84;Вентилятор выключен;34121;7;0.1;0.1
87;DI;DI_85;Принтер неисправен;34122;7;0.1;0.1
88;DI;DI_86;Дверь открыта;34123;7;0.1;0.1
89;DI;DI_87;Вентилятор выключен;34124;7;0.1;0.1
90;DI;DI_88;Принтер неисправен;34125;7;0.1;0.1
91;DI;DI_89;Дверь открыта;34126;7;0.1;0.1
92;DI;DI_90;Вентилятор выключен;34127;7;0.1;0.1
93;DI;DI_91;Принтер неисправен;34128;7;0.1;0.1
94;DI;DI_92;Дверь открыта;34129;7;0.1;0.1
95;DI;DI_93;Вентилятор выключен;34130;7;0.1;0.1
96;DI;DI_94;Принтер неисправен;34131;7;0.1;0.1
97;DI;DI_95;Дверь открыта;34132;7;0.1;0.1
98;DI;DI_96;Вентилятор выключен;34133;7;0.1;0.1
99;DI;DI_97;Принтер неисправен;34134;7;0.1;0.1
100;DI;DI_98;Дверь открыта;34135;7;0.1;0.1
101;DI;DI_99;Вентилятор выключен;34136;7;0.1;0.1
102;DI;DI_100;Принтер неисправен;34137;7;0.1;0.1
103;DI;DI_101;Дверь открыта;34138;7;0.1;0.1
104;DI;DI_102;Вентилятор выключен;34139;7;0.1;0.1
105;DI;DI_103;Дверь открыта;34140;7;0.1;0.1
106;DI;DI_104;Дверь открыта;34120;7;0.1;0.1
107;DI;DI_105;Вентилятор выключен;34121;7;0.1;0.1
108;DI;DI_106;Принтер неисправен;34122;7;0.1;0.1
109;DI;DI_107;Дверь открыта;34123;7;0.1;0.1
110;DI;DI_108;Вентилятор выключен;34124;7;0.1;0.1
111;DI;DI_109;Принтер неисправен;34125;7;0.1;0.1
112;DI;DI_110;Дверь открыта;34126;7;0.1;0.1
113;DI;DI_111;Вентилятор выключен;34127;7;0.1;0.1
114;DI;DI_112;Принтер неисправен;34128;7;0.1;0.1
115;DI;DI_113;Дверь открыта;34129;7;0.1;0.1
116;DI;DI_114;Вентилятор выключен;34130;7;0.1;0.1
117;DI;DI_115;Принтер неисправен;34131;7;0.1;0.1
118;DI;DI_116;Дверь открыта;34132;7;0.1;0.1
119;DI;DI_117;Вентилятор выключен;34133;7;0.1;0.1
120;DI;DI_118;Принтер неисправен;34134;7;0.1;0.1
121;DI;DI_119;Дверь открыта;34135;7;0.1;0.1
122;DI;DI_120;Вентилятор выключен;34136;7;0.1;0.1
123;DI;DI_121;Принтер неисправен;34137;7;0.1;0.1
124;DI;DI_122;Дверь открыта;34138;7;0.1;0.1
125;DI;DI_123;Вентилятор выключен;34139;7;0.1;0.1
126;DI;DI_124;Дверь открыта;34140;7;0.1;0.1
127;DI;DI_125;Дверь открыта;34120;7;0.1;0.1
128;DI;DI_126;Вентилятор выключен;34121;7;0.1;0.1
129;DI;DI_127;Принтер неисправен;34122;7;0.1;0.1
130;DI;DI_128;Дверь открыта;34123;7;0.1;0.1
131;DI;DI_129;Вентилятор выключен;34124;7;0.1;0.1
132;DI;DI_130;Принтер неисправен;34125;7;0.1;0.1
133;DI;DI_131;Дверь открыта;34126;7;0.1;0.1
134;DI;DI_132;Вентилятор выключен;34127;7;0.1;0.1
135;DI;DI_133;Принтер неисправен;34128;7;0.1;0.1
136;DI;DI_134;Дверь открыта;34129;7;0.1;0.1
137;DI;DI_135;Вентилятор выключен;34130;7;0.1;0.1
138;DI;DI_136;Принтер неисправен;34131;7;0.1;0.1
139;DI;DI_137;Дверь открыта;34132;7;0.1;0.1
140;DI;DI_138;Вентилятор выключен;34133;7;0.1;0.1
141;DI;DI_139;Принтер неисправен;34134;7;0.1;0.1
142;DI;DI_140;Дверь открыта;34135;7;0.1;0.1
143;DI;DI_141;Вентилятор выключен;34136;7;0.1;0.1
144;DI;DI_142;Принтер неисправен;34137;7;0.1;0.1
145;DI;DI_143;Дверь открыта;34138;7;0.1;0.1
146;DI;DI_144;Вентилятор выключен;34139;7;0.1;0.1
147;DI;DI_145;Дверь открыта;34140;7;0.1;0.1
148;DI;DI_146;Дверь открыта;34120;7;0.1;0.1
149;DI;DI_147;Вентилятор выключен;34121;7;0.1;0.1
150;DI;DI_148;Принтер неисправен;34122;7;0.1;0.1
151;DI;DI_149;Дверь открыта;34123;7;0.1;0.1
152;DI;DI_150;Вентилятор выключен;34124;7;0.1;0.1
153;DI;DI_151;Принтер неисправен;34125;7;0.1;0.1
154;DI;DI_152;Дверь открыта;34126;7;0.1;0.1
155;DI;DI_153;Вентилятор выключен;34127;7;0.1;0.1
156;DI;DI_154;Принтер неисправен;34128;7;0.1;0.1
157;DI;DI_155;Дверь открыта;34129;7;0.1;0.1
158;DI;DI_156;Вентилятор выключен;34130;7;0.1;0.1
159;DI;DI_157;Принтер неисправен;34131;7;0.1;0.1
160;DI;DI_158;Дверь открыта;34132;7;0.1;0.1
161;DI;DI_159;Вентилятор выключен;34133;7;0.1;0.1
162;DI;DI_160;Принтер неисправен;34134;7;0.1;0.1
163;DI;DI_161;Дверь открыта;34135;7;0.1;0.1
164;DI;DI_162;Вентилятор выключен;34136;7;0.1;0.1
165;DI;DI_163;Принтер неисправен;34137;7;0.1;0.1
166;DI;DI_164;Дверь открыта;34138;7;0.1;0.1
167;DI;DI_165;Вентилятор выключен;34139;7;0.1;0.1
168;DI;DI_166;Дверь открыта;34140;7;0.1;0.1
169;DI;DI_167;Дверь открыта;34120;7;0.1;0.1
170;DI;DI_168;Вентилятор выключен;34121;7;0.1;0.1
171;DI;DI_169;Принтер неисправен;34122;7;0.1;0.1
172;DI;DI_170;Дверь открыта;34123;7;0.1;0.1
173;DI;DI_171;Вентилятор выключен;34124;7;0.1;0.1
174;DI;DI_172;Принтер неисправен;34125;7;0.1;0.1
175;DI;DI_173;Дверь открыта;34126;7;0.1;0.1
176;DI;DI_174;Вентилятор выключен;34127;7;0.1;0.1
177;DI;DI_175;Принтер неисправен;34128;7;0.1;0.1
178;DI;DI_176;Дверь открыта;34129;7;0.1;0.1
179;DI;DI_177;Вентилятор выключен;34130;7;0.1;0.1
180;DI;DI_178;Принтер неисправен;34131;7;0.1;0.1
181;DI;DI_179;Дверь открыта;34132;7;0.1;0.1
182;DI;DI_180;Вентилятор выключен;34133;7;0.1;0.1
183;DI;DI_181;Принтер неисправен;34134;7;0.1;0.1
184;DI;DI_182;Дверь открыта;34135;7;0.1;0.1
185;DI;DI_183;Вентилятор выключен;34136;7;0.1;0.1
186;DI;DI_184;Принтер неисправен;34137;7;0.1;0.1
187;DI;DI_185;Дверь открыта;34138;7;0.1;0.1
188;DI;DI_186;Вентилятор выключен;34139;7;0.1;0.1
189;DI;DI_187;Дверь открыта;34140;7;0.1;0.1
190;DI;DI_188;Дверь открыта;34120;7;0.1;0.1
191;DI;DI_189;Вентилятор выключен;34121;7;0.1;0.1
192;DI;DI_190;Принтер неисправен;34122;7;0.1;0.1
193;DI;DI_191;Дверь открыта;34123;7;0.1;0.1
194;DI;DI_192;Вентилятор выключен;34124;7;0.1;0.1
195;DI;DI_193;Принтер неисправен;34125;7;0.1;0.1
196;DI;DI_194;Дверь открыта;34126;7;0.1;0.1
197;DI;DI_195;Вентилятор выключен;34127;7;0.1;0.1
198;DI;DI_196;Принтер неисправен;34128;7;0.1;0.1
199;DI;DI_197;Дверь открыта;34129;7;0.1;0.1
200;DI;DI_198;Вентилятор выключен;34130;7;0.1;0.1
201;DI;DI_199;Принтер неисправен;34131;7;0.1;0.1
202;DI;DI_200;Дверь открыта;34132;7;0.1;0.1
203;DI;DI_201;Вентилятор выключен;34133;7;0.1;0.1
204;DI;DI_202;Принтер неисправен;34134;7;0.1;0.1
205;DI;DI_203;Дверь открыта;34135;7;0.1;0.1
206;DI;DI_204;Вентилятор выключен;34136;7;0.1;0.1
207;DI;DI_205;Принтер неисправен;34137;7;0.1;0.1
208;DI;DI_206;Дверь открыта;34138;7;0.1;0.1
209;DI;DI_207;Вентилятор выключен;34139;7;0.1;0.1
210;DI;DI_208;Дверь открыта;34140;7;0.1;0.1
211;DI;DI_209;Дверь открыта;34120;7;0.1;0.1
212;DI;DI_210;Вентилятор выключен;34121;7;0.1;0.1
213;DI;DI_211;Принтер неисправен;34122;7;0.1;0.1
214;DI;DI_212;Дверь открыта;34123;7;0.1;0.1
215;DI;DI_213;Вентилятор выключен;34124;7;0.1;0.1
216;DI;DI_214;Принтер неисправен;34125;7;0.1;0.1
217;DI;DI_215;Дверь открыта;34126;7;0.1;0.1
218;DI;DI_216;Вентилятор выключен;34127;7;0.1;0.1
219;DI;DI_217;Принтер неисправен;34128;7;0.1;0.1
220;DI;DI_218;Дверь открыта;34129;7;0.1;0.1
221;DI;DI_219;Вентилятор выключен;34130;7;0.1;0.1
222;DI;DI_220;Принтер неисправен;34131;7;0.1;0.1
223;DI;DI_221;Дверь открыта;34132;7;0.1;0.1
224;DI;DI_222;Вентилятор выключен;34133;7;0.1;0.1
225;DI;DI_223;Принтер неисправен;34134;7;0.1;0.1
226;DI;DI_224;Дверь открыта;34135;7;0.1;0.1
227;DI;DI_225;Вентилятор выключен;34136;7;0.1;0.1
228;DI;DI_226;Принтер неисправен;34137;7;0.1;0.1
229;DI;DI_227;Дверь открыта;34138;7;0.1;0.1
230;DI;DI_228;Вентилятор выключен;34139;7;0.1;0.1
231;DI;DI_229;Дверь открыта;34140;7;0.1;0.1
232;DI;DI_230;Дверь открыта;34120;7;0.1;0.1
233;DI;DI_231;Вентилятор выключен;34121;7;0.1;0.1
234;DI;DI_232;Принтер неисправен;34122;7;0.1;0.1
235;DI;DI_233;Дверь открыта;34123;7;0.1;0.1
236;DI;DI_234;Вентилятор выключен;34124;7;0.1;0.1
237;DI;DI_235;Принтер неисправен;34125;7;0.1;0.1
238;DI;DI_236;Дверь открыта;34126;7;0.1;0.1
239;DI;DI_237;Вентилятор выключен;34127;7;0.1;0.1
240;DI;DI_238;Принтер неисправен;34128;7;0.1;0.1
241;DI;DI_239;Дверь открыта;34129;7;0.1;0.1
242;DI;DI_240;Вентилятор выключен;34130;7;0.1;0.1
243;DI;DI_241;Принтер неисправен;34131;7;0.1;0.1
244;DI;DI_242;Дверь открыта;34132;7;0.1;0.1
245;DI;DI_243;Вентилятор выключен;34133;7;0.1;0.1
246;DI;DI_244;Принтер неисправен;34134;7;0.1;0.1
247;DI;DI_245;Дверь открыта;34135;7;0.1;0.1
248;DI;DI_246;Вентилятор выключен;34136;7;0.1;0.1
249;DI;DI_247;Принтер неисправен;34137;7;0.1;0.1
250;DI;DI_248;Дверь открыта;34138;7;0.1;0.1
251;DI;DI_249;Вентилятор выключен;34139;7;0.1;0.1
252;DI;DI_250;Дверь открыта;34140;7;0.1;0.1
253;DI;DI_251;Дверь открыта;34120;7;0.1;0.1
254;DI;DI_252;Вентилятор выключен;34121;7;0.1;0.1
255;DI;DI_253;Принтер неисправен;34122;7;0.1;0.1
256;DI;DI_254;Дверь открыта;34123;7;0.1;0.1
257;DI;DI_255;Вентилятор выключен;34124;7;0.1;0.1
258;DI;DI_256;Принтер неисправен;34125;7;0.1;0.1
259;DI;DI_257;Дверь открыта;34126;7;0.1;0.1
260;DI;DI_258;Вентилятор выключен;34127;7;0.1;0.1
261;DI;DI_259;Принтер неисправен;34128;7;0.1;0.1
262;DI;DI_260;Дверь открыта;34129;7;0.1;0.1
263;DI;DI_261;Вентилятор выключен;34130;7;0.1;0.1
264;DI;DI_262;Принтер неисправен;34131;7;0.1;0.1
265;DI;DI_263;Дверь открыта;34132;7;0.1;0.1
266;DI;DI_264;Вентилятор выключен;34133;7;0.1;0.1
267;DI;DI_265;Принтер неисправен;34134;7;0.1;0.1
268;DI;DI_266;Дверь открыта;34135;7;0.1;0.1
269;DI;DI_267;Вентилятор выключен;34136;7;0.1;0.1
270;DI;DI_268;Принтер неисправен;34137;7;0.1;0.1
271;DI;DI_269;Дверь открыта;34138;7;0.1;0.1
272;DI;DI_270;Вентилятор выключен;34139;7;0.1;0.1
273;DI;DI_271;Дверь открыта;34140;7;0.1;0.1
274;DI;DI_272;Дверь открыта;34120;7;0.1;0.1
275;DI;DI_273;Вентилятор выключен;34121;7;0.1;0.1
276;DI;DI_274;Принтер неисправен;34122;7;0.1;0.1
277;DI;DI_275;Дверь открыта;34123;7;0.1;0.1
278;DI;DI_276;Вентилятор выключен;34124;7;0.1;0.1
279;DI;DI_277;Принтер неисправен;34125;7;0.1;0.1
280;DI;DI_278;Дверь открыта;34126;7;0.1;0.1
281;DI;DI_279;Вентилятор выключен;34127;7;0.1;0.1
282;DI;DI_280;Принтер неисправен;34128;7;0.1;0.1
283;DI;DI_281;Дверь открыта;34129;7;0.1;0.1
284;DI;DI_282;Вентилятор выключен;34130;7;0.1;0.1
285;DI;DI_283;Принтер неисправен;34131;7;0.1;0.1
286;DI;DI_284;Дверь открыта;34132;7;0.1;0.1
287;DI;DI_285;Вентилятор выключен;34133;7;0.1;0.1
288;DI;DI_286;Принтер неисправен;34134;7;0.1;0.1
289;DI;DI_287;Дверь открыта;34135;7;0.1;0.1
290;DI;DI_288;Вентилятор выключен;34136;7;0.1;0.1
291;DI;DI_289;Принтер неисправен;34137;7;0.1;0.1
292;DI;DI_290;Дверь открыта;34138;7;0.1;0.1
293;DI;DI_291;Вентилятор выключен;34139;7;0.1;0.1
294;DI;DI_292;Дверь открыта;34140;7;0.1;0.1
295;DI;DI_293;Дверь открыта;34120;7;0.1;0.1
296;DI;DI_294;Вентилятор выключен;34121;7;0.1;0.1
297;DI;DI_295;Принтер неисправен;34122;7;0.1;0.1
298;DI;DI_296;Дверь открыта;34123;7;0.1;0.1
299;DI;DI_297;Вентилятор выключен;34124;7;0.1;0.1
300;DI;DI_298;Принтер неисправен;34125;7;0.1;0.1
301;DI;DI_299;Дверь открыта;34126;7;0.1;0.1
302;DI;DI_300;Вентилятор выключен;34127;7;0.1;0.1
303;DI;DI_301;Принтер неисправен;34128;7;0.1;0.1
304;DI;DI_302;Дверь открыта;34129;7;0.1;0.1
305;DI;DI_303;Вентилятор выключен;34130;7;0.1;0.1
306;DI;DI_304;Принтер неисправен;34131;7;0.1;0.1
307;DI;DI_305;Дверь открыта;34132;7;0.1;0.1
308;DI;DI_306;Вентилятор выключен;34133;7;0.1;0.1
309;DI;DI_307;Принтер неисправен;34134;7;0.1;0.1
310;DI;DI_308;Дверь открыта;34135;7;0.1;0.1
311;DI;DI_309;Вентилятор выключен;34136;7;0.1;0.1
312;DI;DI_310;Принтер неисправен;34137;7;0.1;0.1
313;DI;DI_311;Дверь открыта;34138;7;0.1;0.1
314;DI;DI_312;Вентилятор выключен;34139;7;0.1;0.1
315;DI;DI_313;Дверь открыта;34140;7;0.1;0.1
316;DI;DI_314;Дверь открыта;34120;7;0.1;0.1
317;DI;DI_315;Вентилятор выключен;34121;7;0.1;0.1
318;DI;DI_316;Принтер неисправен;34122;7;0.1;0.1
319;DI;DI_317;Дверь открыта;34123;7;0.1;0.1
320;DI;DI_318;Вентилятор выключен;34124;7;0.1;0.1
321;DI;DI_319;Принтер неисправен;34125;7;0.1;0.1
322;DI;DI_320;Дверь открыта;34126;7;0.1;0.1
323;DI;DI_321;Вентилятор выключен;34127;7;0.1;0.1
324;DI;DI_322;Принтер неисправен;34128;7;0.1;0.1
325;DI;DI_323;Дверь открыта;34129;7;0.1;0.1
326;DI;DI_324;Вентилятор выключен;34130;7;0.1;0.1
327;DI;DI_325;Принтер неисправен;34131;7;0.1;0.1
328;DI;DI_326;Дверь открыта;34132;7;0.1;0.1
329;DI;DI_327;Вентилятор выключен;34133;7;0.1;0.1
330;DI;DI_328;Принтер неисправен;34134;7;0.1;0.1
331;DI;DI_329;Дверь открыта;34135;7;0.1;0.1
332;DI;DI_330;Вентилятор выключен;34136;7;0.1;0.1
333;DI;DI_331;Принтер неисправен;34137;7;0.1;0.1
334;DI;DI_332;Дверь открыта;34138;7;0.1;0.1
335;DI;DI_333;Вентилятор выключен;34139;7;0.1;0.1
336;DI;DI_334;Дверь открыта;34140;7;0.1;0.1
337;DI;DI_335;Дверь открыта;34120;7;0.1;0.1
338;DI;DI_336;Вентилятор выключен;34121;7;0.1;0.1
339;DI;DI_337;Принтер неисправен;34122;7;0.1;0.1
340;DI;DI_338;Дверь открыта;34123;7;0.1;0.1
341;DI;DI_339;Вентилятор выключен;34124;7;0.1;0.1
342;DI;DI_340;Принтер неисправен;34125;7;0.1;0.1
343;DI;DI_341;Дверь открыта;34126;7;0.1;0.1
344;DI;DI_342;Вентилятор выключен;34127;7;0.1;0.1
345;DI;DI_343;Принтер неисправен;34128;7;0.1;0.1
346;DI;DI_344;Дверь открыта;34129;7;0.1;0.1
347;DI;DI_345;Вентилятор выключен;34130;7;0.1;0.1
348;DI;DI_346;Принтер неисправен;34131;7;0.1;0.1
349;DI;DI_347;Дверь открыта;34132;7;0.1;0.1
350;DI;DI_348;Вентилятор выключен;34133;7;0.1;0.1
351;DI;DI_349;Принтер неисправен;34134;7;0.1;0.1
352;DI;DI_350;Дверь открыта;34135;7;0.1;0.1
353;DI;DI_351;Вентилятор выключен;34136;7;0.1;0.1
354;DI;DI_352;Принтер неисправен;34137;7;0.1;0.1
355;DI;DI_353;Дверь открыта;34138;7;0.1;0.1
356;DI;DI_354;Вентилятор выключен;34139;7;0.1;0.1
357;DI;DI_355;Дверь открыта;34140;7;0.1;0.1
358;DI;DI_356;Дверь открыта;34120;7;0.1;0.1
359;DI;DI_357;Вентилятор выключен;34121;7;0.1;0.1
360;DI;DI_358;Принтер неисправен;34122;7;0.1;0.1
361;DI;DI_359;Дверь открыта;34123;7;0.1;0.1
362;DI;DI_360;Вентилятор выключен;34124;7;0.1;0.1
363;DI;DI_361;Принтер неисправен;34125;7;0.1;0.1
364;DI;DI_362;Дверь открыта;34126;7;0.1;0.1
365;DI;DI_363;Вентилятор выключен;34127;7;0.1;0.1
366;DI;DI_364;Принтер неисправен;34128;7;0.1;0.1
367;DI;DI_365;Дверь открыта;34129;7;0.1;0.1
368;DI;DI_366;Вентилятор выключен;34130;7;0.1;0.1
369;DI;DI_367;Принтер неисправен;34131;7;0.1;0.1
370;DI;DI_368;Дверь открыта;34132;7;0.1;0.1
371;DI;DI_369;Вентилятор выключен;34133;7;0.1;0.1
372;DI;DI_370;Принтер неисправен;34134;7;0.1;0.1
373;DI;DI_371;Дверь открыта;34135;7;0.1;0.1
374;DI;DI_372;Вентилятор выключен;34136;7;0.1;0.1
375;DI;DI_373;Принтер неисправен;34137;7;0.1;0.1
376;DI;DI_374;Дверь открыта;34138;7;0.1;0.1
377;DI;DI_375;Вентилятор выключен;34139;7;0.1;0.1
378;DI;DI_376;Дверь открыта;34140;7;0.1;0.1
379;DI;DI_377;Дверь открыта;34120;7;0.1;0.1
380;DI;DI_378;Вентилятор выключен;34121;7;0.1;0.1
381;DI;DI_379;Принтер неисправен;34122;7;0.1;0.1
382;DI;DI_380;Дверь открыта;34123;7;0.1;0.1
383;DI;DI_381;Вентилятор выключен;34124;7;0.1;0.1
384;DI;DI_382;Принтер неисправен;34125;7;0.1;0.1
385;DI;DI_383;Дверь открыта;34126;7;0.1;0.1
386;DI;DI_384;Вентилятор выключен;34127;7;0.1;0.1
387;DI;DI_385;Принтер неисправен;34128;7;0.1;0.1
388;DI;DI_386;Дверь открыта;34129;7;0.1;0.1
389;DI;DI_387;Вентилятор выключен;34130;7;0.1;0.1
390;DI;DI_388;Принтер неисправен;34131;7;0.1;0.1
391;DI;DI_389;Дверь открыта;34132;7;0.1;0.1
392;DI;DI_390;Вентилятор выключен;34133;7;0.1;0.1
393;DI;DI_391;Принтер неисправен;34134;7;0.1;0.1
394;DI;DI_392;Дверь открыта;34135;7;0.1;0.1
395;DI;DI_393;Вентилятор выключен;34136;7;0.1;0.1
396;DI;DI_394;Принтер неисправен;34137;7;0.1;0.1
397;DI;DI_395;Дверь открыта;34138;7;0.1;0.1
398;DI;DI_396;Вентилятор выключен;34139;7;0.1;0.1
399;DI;DI_397;Дверь открыта;34140;7;0.1;0.1
400;DI;DI_398;Дверь открыта;34120;7;0.1;0.1
401;DI;DI_399;Вентилятор выключен;34121;7;0.1;0.1
402;DI;DI_400;Принтер неисправен;34122;7;0.1;0.1
403;DI;DI_401;Дверь открыта;34123;7;0.1;0.1
404;DI;DI_402;Вентилятор выключен;34124;7;0.1;0.1
405;DI;DI_403;Принтер неисправен;34125;7;0.1;0.1
406;DI;DI_404;Дверь открыта;34126;7;0.1;0.1
407;DI;DI_405;Вентилятор выключен;34127;7;0.1;0.1
408;DI;DI_406;Принтер неисправен;34128;7;0.1;0.1
409;DI;DI_407;Дверь открыта;34129;7;0.1;0.1
410;DI;DI_408;Вентилятор выключен;34130;7;0.1;0.1
411;DI;DI_409;Принтер неисправен;34131;7;0.1;0.1
412;DI;DI_410;Дверь открыта;34132;7;0.1;0.1
413;DI;DI_411;Вентилятор выключен;34133;7;0.1;0.1
414;DI;DI_412;Принтер неисправен;34134;7;0.1;0.1
415;DI;DI_413;Дверь открыта;34135;7;0.1;0.1
416;DI;DI_414;Вентилятор выключен;34136;7;0.1;0.1
417;DI;DI_415;Принтер неисправен;34137;7;0.1;0.1
418;DI;DI_416;Дверь открыта;34138;7;0.1;0.1
419;DI;DI_417;Вентилятор выключен;34139;7;0.1;0.1
420;DI;DI_418;Дверь открыта;34140;7;0.1;0.1
421;DI;DI_419;Дверь открыта;34120;7;0.1;0.1
422;DI;DI_420;Вентилятор выключен;34121;7;0.1;0.1
423;DI;DI_421;Принтер неисправен;34122;7;0.1;0.1
424;DI;DI_422;Дверь открыта;34123;7;0.1;0.1
425;DI;DI_423;Вентилятор выключен;34124;7;0.1;0.1
426;DI;DI_424;Принтер неисправен;34125;7;0.1;0.1
427;DI;DI_425;Дверь открыта;34126;7;0.1;0.1
428;DI;DI_426;Вентилятор выключен;34127;7;0.1;0.1
429;DI;DI_427;Принтер неисправен;34128;7;0.1;0.1
430;DI;DI_428;Дверь открыта;34129;7;0.1;0.1
431;DI;DI_429;Вентилятор выключен;34130;7;0.1;0.1
432;DI;DI_430;Принтер неисправен;34131;7;0.1;0.1
433;DI;DI_431;Дверь открыта;34132;7;0.1;0.1
434;DI;DI_432;Вентилятор выключен;34133;7;0.1;0.1
435;DI;DI_433;Принтер неисправен;34134;7;0.1;0.1
436;DI;DI_434;Дверь открыта;34135;7;0.1;0.1
437;DI;DI_435;Вентилятор выключен;34136;7;0.1;0.1
438;DI;DI_436;Принтер неисправен;34137;7;0.1;0.1
439;DI;DI_437;Дверь открыта;34138;7;0.1;0.1
440;DI;DI_438;Вентилятор выключен;34139;7;0.1;0.1
441;DI;DI_439;Дверь открыта;34140;7;0.1;0.1
442;DI;DI_440;Дверь открыта;34120;7;0.1;0.1
443;DI;DI_441;Вентилятор выключен;34121;7;0.1;0.1
444;DI;DI_442;Принтер неисправен;34122;7;0.1;0.1
445;DI;DI_443;Дверь открыта;34123;7;0.1;0.1
446;DI;DI_444;Вентилятор выключен;34124;7;0.1;0.1
447;DI;DI_445;Принтер неисправен;34125;7;0.1;0.1
448;DI;DI_446;Дверь открыта;34126;7;0.1;0.1
449;DI;DI_447;Вентилятор выключен;34127;7;0.1;0.1
450;DI;DI_448;Принтер неисправен;34128;7;0.1;0.1
451;DI;DI_449;Дверь открыта;34129;7;0.1;0.1
452;DI;DI_450;Вентилятор выключен;34130;7;0.1;0.1
453;DI;DI_451;Принтер неисправен;34131;7;0.1;0.1
454;DI;DI_452;Дверь открыта;34132;7;0.1;0.1
455;DI;DI_453;Вентилятор выключен;34133;7;0.1;0.1
456;DI;DI_454;Принтер неисправен;34134;7;0.1;0.1
457;DI;DI_455;Дверь открыта;34135;7;0.1;0.1
458;DI;DI_456;Вентилятор выключен;34136;7;0.1;0.1
459;DI;DI_457;Принтер неисправен;34137;7;0.1;0.1
460;DI;DI_458;Дверь открыта;34138;7;0.1;0.1
461;DI;DI_459;Вентилятор выключен;34139;7;0.1;0.1
462;DI;DI_460;Дверь открыта;34140;7;0.1;0.1
463;DI;DI_461;Дверь открыта;34120;7;0.1;0.1
464;DI;DI_462;Вентилятор выключен;34121;7;0.1;0.1
465;DI;DI_463;Принтер неисправен;34122;7;0.1;0.1
466;DI;DI_464;Дверь открыта;34123;7;0.1;0.1
467;DI;DI_465;Вентилятор выключен;34124;7;0.1;0.1
468;DI;DI_466;Принтер неисправен;34125;7;0.1;0.1
469;DI;DI_467;Дверь открыта;34126;7;0.1;0.1
470;DI;DI_468;Вентилятор выключен;34127;7;0.1;0.1
471;DI;DI_469;Принтер неисправен;34128;7;0.1;0.1
472;DI;DI_470;Дверь открыта;34129;7;0.1;0.1
473;DI;DI_471;Вентилятор выключен;34130;7;0.1;0.1
474;DI;DI_472;Принтер неисправен;34131;7;0.1;0.1
475;DI;DI_473;Дверь открыта;34132;7;0.1;0.1
476;DI;DI_474;Вентилятор выключен;34133;7;0.1;0.1
477;DI;DI_475;Принтер неисправен;34134;7;0.1;0.1
478;DI;DI_476;Дверь открыта;34135;7;0.1;0.1
479;DI;DI_477;Вентилятор выключен;34136;7;0.1;0.1
480;DI;DI_478;Принтер неисправен;34137;7;0.1;0.1
481;DI;DI_479;Дверь открыта;34138;7;0.1;0.1
482;DI;DI_480;Вентилятор выключен;34139;7;0.1;0.1
483;DI;DI_481;Дверь открыта;34140;7;0.1;0.1
484;DI;DI_482;Дверь открыта;34120;7;0.1;0.1
485;DI;DI_483;Вентилятор выключен;34121;7;0.1;0.1
486;DI;DI_484;Принтер неисправен;34122;7;0.1;0.1
487;DI;DI_485;Дверь открыта;34123;7;0.1;0.1
488;DI;DI_486;Вентилятор выключен;34124;7;0.1;0.1
489;DI;DI_487;Принтер неисправен;34125;7;0.1;0.1
490;DI;DI_488;Дверь открыта;34126;7;0.1;0.1
491;DI;DI_489;Вентилятор выключен;34127;7;0.1;0.1
492;DI;DI_490;Принтер неисправен;34128;7;0.1;0.1
493;DI;DI_491;Дверь открыта;34129;7;0.1;0.1
494;DI;DI_492;Вентилятор выключен;34130;7;0.1;0.1
495;DI;DI_493;Принтер неисправен;34131;7;0.1;0.1
496;DI;DI_494;Дверь открыта;34132;7;0.1;0.1
497;DI;DI_495;Вентилятор выключен;34133;7;0.1;0.1
498;DI;DI_496;Принтер неисправен;34134;7;0.1;0.1
499;DI;DI_497;Дверь открыта;34135;7;0.1;0.1
500;DI;DI_498;Вентилятор выключен;34136;7;0.1;0.1
501;DI;DI_499;Принтер неисправен;34137;7;0.1;0.1
502;DI;DI_500;Дверь открыта;34138;7;0.1;0.1
503;DI;DI_501;Вентилятор выключен;34139;7;0.1;0.1
504;DI;DI_502;Дверь открыта;34140;7;0.1;0.1
505;DI;DI_503;Дверь открыта;34120;7;0.1;0.1
506;DI;DI_504;Вентилятор выключен;34121;7;0.1;0.1
507;DI;DI_505;Принтер неисправен;34122;7;0.1;0.1
508;DI;DI_506;Дверь открыта;34123;7;0.1;0.1
509;DI;DI_507;Вентилятор выключен;34124;7;0.1;0.1
510;DI;DI_508;Принтер неисправен;34125;7;0.1;0.1
511;DI;DI_509;Дверь открыта;34126;7;0.1;0.1
512;DI;DI_510;Вентилятор выключен;34127;7;0.1;0.1
513;DI;DI_511;Принтер неисправен;34128;7;0.1;0.1
514;DI;DI_512;Дверь открыта;34129;7;0.1;0.1
515;DI;DI_513;Вентилятор выключен;34130;7;0.1;0.1
516;DI;DI_514;Принтер неисправен;34131;7;0.1;0.1
517;DI;DI_515;Дверь открыта;34132;7;0.1;0.1
518;DI;DI_516;Вентилятор выключен;34133;7;0.1;0.1
519;DI;DI_517;Принтер неисправен;34134;7;0.1;0.1
520;DI;DI_518;Дверь открыта;34135;7;0.1;0.1
521;DI;DI_519;Вентилятор выключен;34136;7;0.1;0.1
522;DI;DI_520;Принтер неисправен;34137;7;0.1;0.1
523;DI;DI_521;Дверь открыта;34138;7;0.1;0.1
524;DI;DI_522;Вентилятор выключен;34139;7;0.1;0.1
525;DI;DI_523;Дверь открыта;34140;7;0.1;0.1
526;DI;DI_524;Дверь открыта;34120;7;0.1;0.1
527;DI;DI_525;Вентилятор выключен;34121;7;0.1;0.1
528;DI;DI_526;Принтер неисправен;34122;7;0.1;0.1
529;DI;DI_527;Дверь открыта;34123;7;0.1;0.1
530;DI;DI_528;Вентилятор выключен;34124;7;0.1;0.1
531;DI;DI_529;Принтер неисправен;34125;7;0.1;0.1
532;DI;DI_530;Дверь открыта;34126;7;0.1;0.1
533;DI;DI_531;Вентилятор выключен;34127;7;0.1;0.1
534;DI;DI_532;Принтер неисправен;34128;7;0.1;0.1
535;DI;DI_533;Дверь открыта;34129;7;0.1;0.1
536;DI;DI_534;Вентилятор выключен;34130;7;0.1;0.1
537;DI;DI_535;Принтер неисправен;34131;7;0.1;0.1
538;DI;DI_536;Дверь открыта;34132;7;0.1;0.1
539;DI;DI_537;Вентилятор выключен;34133;7;0.1;0.1
540;DI;DI_538;Принтер неисправен;34134;7;0.1;0.1
541;DI;DI_539;Дверь открыта;34135;7;0.1;0.1
542;DI;DI_540;Вентилятор выключен;34136;7;0.1;0.1
543;DI;DI_541;Принтер неисправен;34137;7;0.1;0.1
544;DI;DI_542;Дверь открыта;34138;7;0.1;0.1
545;DI;DI_543;Вентилятор выключен;34139;7;0.1;0.1
546;DI;DI_544;Дверь открыта;34140;7;0.1;0.1
547;DI;DI_545;Дверь открыта;34120;7;0.1;0.1
548;DI;DI_546;Вентилятор выключен;34121;7;0.1;0.1
549;DI;DI_547;Принтер неисправен;34122;7;0.1;0.1
550;DI;DI_548;Дверь открыта;34123;7;0.1;0.1
551;DI;DI_549;Вентилятор выключен;34124;7;0.1;0.1
552;DI;DI_550;Принтер неисправен;34125;7;0.1;0.1
553;DI;DI_551;Дверь открыта;34126;7;0.1;0.1
554;DI;DI_552;Вентилятор выключен;34127;7;0.1;0.1
555;DI;DI_553;Принтер неисправен;34128;7;0.1;0.1
556;DI;DI_554;Дверь открыта;34129;7;0.1;0.1
557;DI;DI_555;Вентилятор выключен;34130;7;0.1;0.1
558;DI;DI_556;Принтер неисправен;34131;7;0.1;0.1
559;DI;DI_557;Дверь открыта;34132;7;0.1;0.1
560;DI;DI_558;Вентилятор выключен;34133;7;0.1;0.1
561;DI;DI_559;Принтер неисправен;34134;7;0.1;0.1
562;DI;DI_560;Дверь открыта;34135;7;0.1;0.1
563;DI;DI_561;Вентилятор выключен;34136;7;0.1;0.1
564;DI;DI_562;Принтер неисправен;34137;7;0.1;0.1
565;DI;DI_563;Дверь открыта;34138;7;0.1;0.1
566;DI;DI_564;Вентилятор выключен;34139;7;0.1;0.1
567;DI;DI_565;Дверь открыта;34140;7;0.1;0.1
568;DI;DI_566;Дверь открыта;34120;7;0.1;0.1
569;DI;DI_567;Вентилятор выключен;34121;7;0.1;0.1
570;DI;DI_568;Принтер неисправен;34122;7;0.1;0.1
571;DI;DI_569;Дверь открыта;34123;7;0.1;0.1
572;DI;DI_570;Вентилятор выключен;34124;7;0.1;0.1
573;DI;DI_571;Принтер неисправен;34125;7;0.1;0.1
574;DI;DI_572;Дверь открыта;34126;7;0.1;0.1
575;DI;DI_573;Вентилятор выключен;34127;7;0.1;0.1
576;DI;DI_574;Принтер неисправен;34128;7;0.1;0.1
577;DI;DI_575;Дверь открыта;34129;7;0.1;0.1
578;DI;DI_576;Вентилятор выключен;34130;7;0.1;0.1
579;DI;DI_577;Принтер неисправен;34131;7;0.1;0.1
580;DI;DI_578;Дверь открыта;34132;7;0.1;0.1
581;DI;DI_579;Вентилятор выключен;34133;7;0.1;0.1
582;DI;DI_580;Принтер неисправен;34134;7;0.1;0.1
583;DI;DI_581;Дверь открыта;34135;7;0.1;0.1
584;DI;DI_582;Вентилятор выключен;34136;7;0.1;0.1
585;DI;DI_583;Принтер неисправен;34137;7;0.1;0.1
586;DI;DI_584;Дверь открыта;34138;7;0.1;0.1
587;DI;DI_585;Вентилятор выключен;34139;7;0.1;0.1
588;DI;DI_586;Дверь открыта;34140;7;0.1;0.1
589;DI;DI_587;Дверь открыта;34120;7;0.1;0.1
590;DI;DI_588;Вентилятор выключен;34121;7;0.1;0.1
591;DI;DI_589;Принтер неисправен;34122;7;0.1;0.1
592;DI;DI_590;Дверь открыта;34123;7;0.1;0.1
593;DI;DI_591;Вентилятор выключен;34124;7;0.1;0.1
594;DI;DI_592;Принтер неисправен;34125;7;0.1;0.1
595;DI;DI_593;Дверь открыта;34126;7;0.1;0.1
596;DI;DI_594;Вентилятор выключен;34127;7;0.1;0.1
597;DI;DI_595;Принтер неисправен;34128;7;0.1;0.1
598;DI;DI_596;Дверь открыта;34129;7;0.1;0.1
599;DI;DI_597;Вентилятор выключен;34130;7;0.1;0.1
600;DI;DI_598;Принтер неисправен;34131;7;0.1;0.1
601;DI;DI_599;Дверь открыта;34132;7;0.1;0.1
602;DI;DI_600;Вентилятор выключен;34133;7;0.1;0.1
603;DI;DI_601;Принтер неисправен;34134;7;0.1;0.1
604;DI;DI_602;Дверь открыта;34135;7;0.1;0.1
605;DI;DI_603;Вентилятор выключен;34136;7;0.1;0.1
606;DI;DI_604;Принтер неисправен;34137;7;0.1;0.1
607;DI;DI_605;Дверь открыта;34138;7;0.1;0.1
608;DI;DI_606;Вентилятор выключен;34139;7;0.1;0.1
609;DI;DI_607;Дверь открыта;34140;7;0.1;0.1
610;DI;DI_608;Дверь открыта;34120;7;0.1;0.1
611;DI;DI_609;Вентилятор выключен;34121;7;0.1;0.1
612;DI;DI_610;Принтер неисправен;34122;7;0.1;0.1
613;DI;DI_611;Дверь открыта;34123;7;0.1;0.1
614;DI;DI_612;Вентилятор выключен;34124;7;0.1;0.1
615;DI;DI_613;Принтер неисправен;34125;7;0.1;0.1
616;DI;DI_614;Дверь открыта;34126;7;0.1;0.1
617;DI;DI_615;Вентилятор выключен;34127;7;0.1;0.1
618;DI;DI_616;Принтер неисправен;34128;7;0.1;0.1
619;DI;DI_617;Дверь открыта;34129;7;0.1;0.1
620;DI;DI_618;Вентилятор выключен;34130;7;0.1;0.1
621;DI;DI_619;Принтер неисправен;34131;7;0.1;0.1
622;DI;DI_620;Дверь открыта;34132;7;0.1;0.1
623;DI;DI_621;Вентилятор выключен;34133;7;0.1;0.1
624;DI;DI_622;Принтер неисправен;34134;7;0.1;0.1
625;DI;DI_623;Дверь открыта;34135;7;0.1;0.1
626;DI;DI_624;Вентилятор выключен;34136;7;0.1;0.1
627;DI;DI_625;Принтер неисправен;34137;7;0.1;0.1
628;DI;DI_626;Дверь открыта;34138;7;0.1;0.1
629;DI;DI_627;Вентилятор выключен;34139;7;0.1;0.1
630;DI;DI_628;Дверь открыта;34140;7;0.1;0.1
631;DI;DI_629;Дверь открыта;34120;7;0.1;0.1
632;DI;DI_630;Вентилятор выключен;34121;7;0.1;0.1
633;DI;DI_631;Принтер неисправен;34122;7;0.1;0.1
634;DI;DI_632;Дверь открыта;34123;7;0.1;0.1
635;DI;DI_633;Вентилятор выключен;34124;7;0.1;0.1
636;DI;DI_634;Принтер неисправен;34125;7;0.1;0.1
637;DI;DI_635;Дверь открыта;34126;7;0.1;0.1
638;DI;DI_636;Вентилятор выключен;34127;7;0.1;0.1
639;DI;DI_637;Принтер неисправен;34128;7;0.1;0.1
640;DI;DI_638;Дверь открыта;34129;7;0.1;0.1
641;DI;DI_639;Вентилятор выключен;34130;7;0.1;0.1
642;DI;DI_640;Принтер неисправен;34131;7;0.1;0.1
643;DI;DI_641;Дверь открыта;34132;7;0.1;0.1
644;DI;DI_642;Вентилятор выключен;34133;7;0.1;0.1
645;DI;DI_643;Принтер неисправен;34134;7;0.1;0.1
646;DI;DI_644;Дверь открыта;34135;7;0.1;0.1
647;DI;DI_645;Вентилятор выключен;34136;7;0.1;0.1
648;DI;DI_646;Принтер неисправен;34137;7;0.1;0.1
649;DI;DI_647;Дверь открыта;34138;7;0.1;0.1
650;DI;DI_648;Вентилятор выключен;34139;7;0.1;0.1
651;DI;DI_649;Дверь открыта;34140;7;0.1;0.1
652;DI;DI_650;Дверь открыта;34120;7;0.1;0.1
653;DI;DI_651;Вентилятор выключен;34121;7;0.1;0.1
654;DI;DI_652;Принтер неисправен;34122;7;0.1;0.1
655;DI;DI_653;Дверь открыта;34123;7;0.1;0.1
656;DI;DI_654;Вентилятор выключен;34124;7;0.1;0.1
657;DI;DI_655;Принтер неисправен;34125;7;0.1;0.1
658;DI;DI_656;Дверь открыта;34126;7;0.1;0.1
659;DI;DI_657;Вентилятор выключен;34127;7;0.1;0.1
660;DI;DI_658;Принтер неисправен;34128;7;0.1;0.1
661;DI;DI_659;Дверь открыта;34129;7;0.1;0.1
662;DI;DI_660;Вентилятор выключен;34130;7;0.1;0.1
663;DI;DI_661;Принтер неисправен;34131;7;0.1;0.1
664;DI;DI_662;Дверь открыта;34132;7;0.1;0.1
665;DI;DI_663;Вентилятор выключен;34133;7;0.1;0.1
666;DI;DI_664;Принтер неисправен;34134;7;0.1;0.1
667;DI;DI_665;Дверь открыта;34135;7;0.1;0.1
668;DI;DI_666;Вентилятор выключен;34136;7;0.1;0.1
669;DI;DI_667;Принтер неисправен;34137;7;0.1;0.1
670;DI;DI_668;Дверь открыта;34138;7;0.1;0.1
671;DI;DI_669;Вентилятор выключен;34139;7;0.1;0.1
672;DI;DI_670;Дверь открыта;34140;7;0.1;0.1
673;DI;DI_671;Дверь открыта;34120;7;0.1;0.1
674;DI;DI_672;Вентилятор выключен;34121;7;0.1;0.1
675;DI;DI_673;Принтер неисправен;34122;7;0.1;0.1
676;DI;DI_674;Дверь открыта;34123;7;0.1;0.1
677;DI;DI_675;Вентилятор выключен;34124;7;0.1;0.1
678;DI;DI_676;Принтер неисправен;34125;7;0.1;0.1
679;DI;DI_677;Дверь открыта;34126;7;0.1;0.1
680;DI;DI_678;Вентилятор выключен;34127;7;0.1;0.1
681;DI;DI_679;Принтер неисправен;34128;7;0.1;0.1
682;DI;DI_680;Дверь открыта;34129;7;0.1;0.1
683;DI;DI_681;Вентилятор выключен;34130;7;0.1;0.1
684;DI;DI_682;Принтер неисправен;34131;7;0.1;0.1
685;DI;DI_683;Дверь открыта;34132;7;0.1;0.1
686;DI;DI_684;Вентилятор выключен;34133;7;0.1;0.1
687;DI;DI_685;Принтер неисправен;34134;7;0.1;0.1
688;DI;DI_686;Дверь открыта;34135;7;0.1;0.1
689;DI;DI_687;Вентилятор выключен;34136;7;0.1;0.1
690;DI;DI_688;Принтер неисправен;34137;7;0.1;0.1
691;DI;DI_689;Дверь открыта;34138;7;0.1;0.1
692;DI;DI_690;Вентилятор выключен;34139;7;0.1;0.1
693;DI;DI_691;Дверь открыта;34140;7;0.1;0.1
694;DI;DI_692;Дверь открыта;34120;7;0.1;0.1
695;DI;DI_693;Вентилятор выключен;34121;7;0.1;0.1
696;DI;DI_694;Принтер неисправен;34122;7;0.1;0.1
697;DI;DI_695;Дверь открыта;34123;7;0.1;0.1
698;DI;DI_696;Вентилятор выключен;34124;7;0.1;0.1
699;DI;DI_697;Принтер неисправен;34125;7;0.1;0.1
700;DI;DI_698;Дверь открыта;34126;7;0.1;0.1
701;DI;DI_699;Вентилятор выключен;34127;7;0.1;0.1
702;DI;DI_700;Принтер неисправен;34128;7;0.1;0.1
703;DI;DI_701;Дверь открыта;34129;7;0.1;0.1
704;DI;DI_702;Вентилятор выключен;34130;7;0.1;0.1
705;DI;DI_703;Принтер неисправен;34131;7;0.1;0.1
706;DI;DI_704;Дверь открыта;34132;7;0.1;0.1
707;DI;DI_705;Вентилятор выключен;34133;7;0.1;0.1
708;DI;DI_706;Принтер неисправен;34134;7;0.1;0.1
709;DI;DI_707;Дверь открыта;34135;7;0.1;0.1
710;DI;DI_708;Вентилятор выключен;34136;7;0.1;0.1
711;DI;DI_709;Принтер неисправен;34137;7;0.1;0.1
712;DI;DI_710;Дверь открыта;34138;7;0.1;0.1
713;DI;DI_711;Вентилятор выключен;34139;7;0.1;0.1
714;DI;DI_712;Дверь открыта;34140;7;0.1;0.1
715;DI;DI_713;Дверь открыта;34120;7;0.1;0.1
716;DI;DI_714;Вентилятор выключен;34121;7;0.1;0.1
717;DI;DI_715;Принтер неисправен;34122;7;0.1;0.1
718;DI;DI_716;Дверь открыта;34123;7;0.1;0.1
719;DI;DI_717;Вентилятор выключен;34124;7;0.1;0.1
720;DI;DI_718;Принтер неисправен;34125;7;0.1;0.1
721;DI;DI_719;Дверь открыта;34126;7;0.1;0.1
722;DI;DI_720;Вентилятор выключен;34127;7;0.1;0.1
723;DI;DI_721;Принтер неисправен;34128;7;0.1;0.1
724;DI;DI_722;Дверь открыта;34129;7;0.1;0.1
725;DI;DI_723;Вентилятор выключен;34130;7;0.1;0.1
726;DI;DI_724;Принтер неисправен;34131;7;0.1;0.1
727;DI;DI_725;Дверь открыта;34132;7;0.1;0.1
728;DI;DI_726;Вентилятор выключен;34133;7;0.1;0.1
729;DI;DI_727;Принтер неисправен;34134;7;0.1;0.1
730;DI;DI_728;Дверь открыта;34135;7;0.1;0.1
731;DI;DI_729;Вентилятор выключен;34136;7;0.1;0.1
732;DI;DI_730;Принтер неисправен;34137;7;0.1;0.1
733;DI;DI_731;Дверь открыта;34138;7;0.1;0.1
734;DI;DI_732;Вентилятор выключен;34139;7;0.1;0.1
735;DI;DI_733;Дверь открыта;34140;7;0.1;0.1
736;DI;DI_734;Дверь открыта;34120;7;0.1;0.1
737;DI;DI_735;Вентилятор выключен;34121;7;0.1;0.1
738;DI;DI_736;Принтер неисправен;34122;7;0.1;0.1
739;DI;DI_737;Дверь открыта;34123;7;0.1;0.1
740;DI;DI_738;Вентилятор выключен;34124;7;0.1;0.1
741;DI;DI_739;Принтер неисправен;34125;7;0.1;0.1
742;DI;DI_740;Дверь открыта;34126;7;0.1;0.1
743;DI;DI_741;Вентилятор выключен;34127;7;0.1;0.1
744;DI;DI_742;Принтер неисправен;34128;7;0.1;0.1
745;DI;DI_743;Дверь открыта;34129;7;0.1;0.1
746;DI;DI_744;Вентилятор выключен;34130;7;0.1;0.1
747;DI;DI_745;Принтер неисправен;34131;7;0.1;0.1
748;DI;DI_746;Дверь открыта;34132;7;0.1;0.1
749;DI;DI_747;Вентилятор выключен;34133;7;0.1;0.1
750;DI;DI_748;Принтер неисправен;34134;7;0.1;0.1
751;DI;DI_749;Дверь открыта;34135;7;0.1;0.1
752;DI;DI_750;Вентилятор выключен;34136;7;0.1;0.1
753;DI;DI_751;Принтер неисправен;34137;7;0.1;0.1
754;DI;DI_752;Дверь открыта;34138;7;0.1;0.1
755;DI;DI_753;Вентилятор выключен;34139;7;0.1;0.1
756;DI;DI_754;Дверь открыта;34140;7;0.1;0.1
757;DI;DI_755;Дверь открыта;34120;7;0.1;0.1
758;DI;DI_756;Вентилятор выключен;34121;7;0.1;0.1
759;DI;DI_757;Принтер неисправен;34122;7;0.1;0.1
760;DI;DI_758;Дверь открыта;34123;7;0.1;0.1
761;DI;DI_759;Вентилятор выключен;34124;7;0.1;0.1
762;DI;DI_760;Принтер неисправен;34125;7;0.1;0.1
763;DI;DI_761;Дверь открыта;34126;7;0.1;0.1
764;DI;DI_762;Вентилятор выключен;34127;7;0.1;0.1
765;DI;DI_763;Принтер неисправен;34128;7;0.1;0.1
766;DI;DI_764;Дверь открыта;34129;7;0.1;0.1
767;DI;DI_765;Вентилятор выключен;34130;7;0.1;0.1
768;DI;DI_766;Принтер неисправен;34131;7;0.1;0.1
769;DI;DI_767;Дверь открыта;34132;7;0.1;0.1
770;DI;DI_768;Вентилятор выключен;34133;7;0.1;0.1
771;DI;DI_769;Принтер неисправен;34134;7;0.1;0.1
772;DI;DI_770;Дверь открыта;34135;7;0.1;0.1
773;DI;DI_771;Вентилятор выключен;34136;7;0.1;0.1
774;DI;DI_772;Принтер неисправен;34137;7;0.1;0.1
775;DI;DI_773;Дверь открыта;34138;7;0.1;0.1
776;DI;DI_774;Вентилятор выключен;34139;7;0.1;0.1
777;DI;DI_775;Дверь открыта;34140;7;0.1;0.1
778;DI;DI_776;Дверь открыта;34120;7;0.1;0.1
779;DI;DI_777;Вентилятор выключен;34121;7;0.1;0.1
780;DI;DI_778;Принтер неисправен;34122;7;0.1;0.1
781;DI;DI_779;Дверь открыта;34123;7;0.1;0.1
782;DI;DI_780;Вентилятор выключен;34124;7;0.1;0.1
783;DI;DI_781;Принтер неисправен;34125;7;0.1;0.1
784;DI;DI_782;Дверь открыта;34126;7;0.1;0.1
785;DI;DI_783;Вентилятор выключен;34127;7;0.1;0.1
786;DI;DI_784;Принтер неисправен;34128;7;0.1;0.1
787;DI;DI_785;Дверь открыта;34129;7;0.1;0.1
788;DI;DI_786;Вентилятор выключен;34130;7;0.1;0.1
789;DI;DI_787;Принтер неисправен;34131;7;0.1;0.1
790;DI;DI_788;Дверь открыта;34132;7;0.1;0.1
791;DI;DI_789;Вентилятор выключен;34133;7;0.1;0.1
792;DI;DI_790;Принтер неисправен;34134;7;0.1;0.1
793;DI;DI_791;Дверь открыта;34135;7;0.1;0.1
794;DI;DI_792;Вентилятор выключен;34136;7;0.1;0.1
795;DI;DI_793;Принтер неисправен;34137;7;0.1;0.1
796;DI;DI_794;Дверь открыта;34138;7;0.1;0.1
797;DI;DI_795;Вентилятор выключен;34139;7;0.1;0.1
798;DI;DI_796;Дверь открыта;34140;7;0.1;0.1
799;DI;DI_797;Дверь открыта;34120;7;0.1;0.1
800;DI;DI_798;Вентилятор выключен;34121;7;0.1;0.1
801;DI;DI_799;Принтер неисправен;34122;7;0.1;0.1
802;DI;DI_800;Дверь открыта;34123;7;0.1;0.1
803;DI;DI_801;Вентилятор выключен;34124;7;0.1;0.1
804;DI;DI_802;Принтер неисправен;34125;7;0.1;0.1
805;DI;DI_803;Дверь открыта;34126;7;0.1;0.1
806;DI;DI_804;Вентилятор выключен;34127;7;0.1;0.1
807;DI;DI_805;Принтер неисправен;34128;7;0.1;0.1
808;DI;DI_806;Дверь открыта;34129;7;0.1;0.1
809;DI;DI_807;Вентилятор выключен;34130;7;0.1;0.1
810;DI;DI_808;Принтер неисправен;34131;7;0.1;0.1
811;DI;DI_809;Дверь открыта;34132;7;0.1;0.1
812;DI;DI_810;Вентилятор выключен;34133;7;0.1;0.1
813;DI;DI_811;Принтер неисправен;34134;7;0.1;0.1
814;DI;DI_812;Дверь открыта;34135;7;0.1;0.1
815;DI;DI_813;Вентилятор выключен;34136;7;0.1;0.1
816;DI;DI_814;Принтер неисправен;34137;7;0.1;0.1
817;DI;DI_815;Дверь открыта;34138;7;0.1;0.1
818;DI;DI_816;Вентилятор выключен;34139;7;0.1;0.1
819;DI;DI_817;Дверь открыта;34140;7;0.1;0.1
820;DI;DI_818;Дверь открыта;34120;7;0.1;0.1
821;DI;DI_819;Вентилятор выключен;34121;7;0.1;0.1
822;DI;DI_820;Принтер неисправен;34122;7;0.1;0.1
823;DI;DI_821;Дверь открыта;34123;7;0.1;0.1
824;DI;DI_822;Вентилятор выключен;34124;7;0.1;0.1
825;DI;DI_823;Принтер неисправен;34125;7;0.1;0.1
826;DI;DI_824;Дверь открыта;34126;7;0.1;0.1
827;DI;DI_825;Вентилятор выключен;34127;7;0.1;0.1
828;DI;DI_826;Принтер неисправен;34128;7;0.1;0.1
829;DI;DI_827;Дверь открыта;34129;7;0.1;0.1
830;DI;DI_828;Вентилятор выключен;34130;7;0.1;0.1
831;DI;DI_829;Принтер неисправен;34131;7;0.1;0.1
832;DI;DI_830;Дверь открыта;34132;7;0.1;0.1
833;DI;DI_831;Вентилятор выключен;34133;7;0.1;0.1
834;DI;DI_832;Принтер неисправен;34134;7;0.1;0.1
835;DI;DI_833;Дверь открыта;34135;7;0.1;0.1
836;DI;DI_834;Вентилятор выключен;34136;7;0.1;0.1
837;DI;DI_835;Принтер неисправен;34137;7;0.1;0.1
838;DI;DI_836;Дверь открыта;34138;7;0.1;0.1
839;DI;DI_837;Вентилятор выключен;34139;7;0.1;0.1
840;DI;DI_838;Дверь открыта;34140;7;0.1;0.1
841;DI;DI_839;Дверь открыта;34120;7;0.1;0.1
842;DI;DI_840;Вентилятор выключен;34121;7;0.1;0.1
843;DI;DI_841;Принтер неисправен;34122;7;0.1;0.1
844;DI;DI_842;Дверь открыта;34123;7;0.1;0.1
845;DI;DI_843;Вентилятор выключен;34124;7;0.1;0.1
846;DI;DI_844;Принтер неисправен;34125;7;0.1;0.1
847;DI;DI_845;Дверь открыта;34126;7;0.1;0.1
848;DI;DI_846;Вентилятор выключен;34127;7;0.1;0.1
849;DI;DI_847;Принтер неисправен;34128;7;0.1;0.1
850;DI;DI_848;Дверь открыта;34129;7;0.1;0.1
851;DI;DI_849;Вентилятор выключен;34130;7;0.1;0.1
852;DI;DI_850;Принтер неисправен;34131;7;0.1;0.1
853;DI;DI_851;Дверь открыта;34132;7;0.1;0.1
854;DI;DI_852;Вентилятор выключен;34133;7;0.1;0.1
855;DI;DI_853;Принтер неисправен;34134;7;0.1;0.1
856;DI;DI_854;Дверь открыта;34135;7;0.1;0.1
857;DI;DI_855;Вентилятор выключен;34136;7;0.1;0.1
858;DI;DI_856;Принтер неисправен;34137;7;0.1;0.1
859;DI;DI_857;Дверь открыта;34138;7;0.1;0.1
860;DI;DI_858;Вентилятор выключен;34139;7;0.1;0.1
861;DI;DI_859;Дверь открыта;34140;7;0.1;0.1
862;DI;DI_860;Дверь открыта;34120;7;0.1;0.1
863;DI;DI_861;Вентилятор выключен;34121;7;0.1;0.1
864;DI;DI_862;Принтер неисправен;34122;7;0.1;0.1
865;DI;DI_863;Дверь открыта;34123;7;0.1;0.1
866;DI;DI_864;Вентилятор выключен;34124;7;0.1;0.1
867;DI;DI_865;Принтер неисправен;34125;7;0.1;0.1
868;DI;DI_866;Дверь открыта;34126;7;0.1;0.1
869;DI;DI_867;Вентилятор выключен;34127;7;0.1;0.1
870;DI;DI_868;Принтер неисправен;34128;7;0.1;0.1
871;DI;DI_869;Дверь открыта;34129;7;0.1;0.1
872;DI;DI_870;Вентилятор выключен;34130;7;0.1;0.1
873;DI;DI_871;Принтер неисправен;34131;7;0.1;0.1
874;DI;DI_872;Дверь открыта;34132;7;0.1;0.1
875;DI;DI_873;Вентилятор выключен;34133;7;0.1;0.1
876;DI;DI_874;Принтер неисправен;34134;7;0.1;0.1
877;DI;DI_875;Дверь открыта;34135;7;0.1;0.1
878;DI;DI_876;Вентилятор выключен;34136;7;0.1;0.1
879;DI;DI_877;Принтер неисправен;34137;7;0.1;0.1
880;DI;DI_878;Дверь открыта;34138;7;0.1;0.1
881;DI;DI_879;Вентилятор выключен;34139;7;0.1;0.1
882;DI;DI_880;Дверь открыта;34140;7;0.1;0.1
883;DI;DI_881;Дверь открыта;34120;7;0.1;0.1
884;DI;DI_882;Вентилятор выключен;34121;7;0.1;0.1
885;DI;DI_883;Принтер неисправен;34122;7;0.1;0.1
886;DI;DI_884;Дверь открыта;34123;7;0.1;0.1
887;DI;DI_885;Вентилятор выключен;34124;7;0.1;0.1
888;DI;DI_886;Принтер неисправен;34125;7;0.1;0.1
889;DI;DI_887;Дверь открыта;34126;7;0.1;0.1
890;DI;DI_888;Вентилятор выключен;34127;7;0.1;0.1
891;DI;DI_889;Принтер неисправен;34128;7;0.1;0.1
892;DI;DI_890;Дверь открыта;34129;7;0.1;0.1
893;DI;DI_891;Вентилятор выключен;34130;7;0.1;0.1
894;DI;DI_892;Принтер неисправен;34131;7;0.1;0.1
895;DI;DI_893;Дверь открыта;34132;7;0.1;0.1
896;DI;DI_894;Вентилятор выключен;34133;7;0.1;0.1
897;DI;DI_895;Принтер неисправен;34134;7;0.1;0.1
898;DI;DI_896;Дверь открыта;34135;7;0.1;0.1
899;DI;DI_897;Вентилятор выключен;34136;7;0.1;0.1
900;DI;DI_898;Принтер неисправен;34137;7;0.1;0.1
901;DI;DI_899;Дверь открыта;34138;7;0.1;0.1
902;DI;DI_900;Вентилятор выключен;34139;7;0.1;0.1
903;DI;DI_901;Дверь открыта;34140;7;0.1;0.1
904;DI;DI_902;Дверь открыта;34120;7;0.1;0.1
905;DI;DI_903;Вентилятор выключен;34121;7;0.1;0.1
906;DI;DI_904;Принтер неисправен;34122;7;0.1;0.1
907;DI;DI_905;Дверь открыта;34123;7;0.1;0.1
908;DI;DI_906;Вентилятор выключен;34124;7;0.1;0.1
909;DI;DI_907;Принтер неисправен;34125;7;0.1;0.1
910;DI;DI_908;Дверь открыта;34126;7;0.1;0.1
911;DI;DI_909;Вентилятор выключен;34127;7;0.1;0.1
912;DI;DI_910;Принтер неисправен;34128;7;0.1;0.1
913;DI;DI_911;Дверь открыта;34129;7;0.1;0.1
914;DI;DI_912;Вентилятор выключен;34130;7;0.1;0.1
915;DI;DI_913;Принтер неисправен;34131;7;0.1;0.1
916;DI;DI_914;Дверь открыта;34132;7;0.1;0.1
917;DI;DI_915;Вентилятор выключен;34133;7;0.1;0.1
918;DI;DI_916;Принтер неисправен;34134;7;0.1;0.1
919;DI;DI_917;Дверь открыта;34135;7;0.1;0.1
920;DI;DI_918;Вентилятор выключен;34136;7;0.1;0.1
921;DI;DI_919;Принтер неисправен;34137;7;0.1;0.1
922;DI;DI_920;Дверь открыта;34138;7;0.1;0.1
923;DI;DI_921;Вентилятор выключен;34139;7;0.1;0.1
924;DI;DI_922;Дверь открыта;34140;7;0.1;0.1
925;DI;DI_923;Дверь открыта;34120;7;0.1;0.1
926;DI;DI_924;Вентилятор выключен;34121;7;0.1;0.1
927;DI;DI_925;Принтер неисправен;34122;7;0.1;0.1
928;DI;DI_926;Дверь открыта;34123;7;0.1;0.1
929;DI;DI_927;Вентилятор выключен;34124;7;0.1;0.1
930;DI;DI_928;Принтер неисправен;34125;7;0.1;0.1
931;DI;DI_929;Дверь открыта;34126;7;0.1;0.1
932;DI;DI_930;Вентилятор выключен;34127;7;0.1;0.1
933;DI;DI_931;Принтер неисправен;34128;7;0.1;0.1
934;DI;DI_932;Дверь открыта;34129;7;0.1;0.1
935;DI;DI_933;Вентилятор выключен;34130;7;0.1;0.1
936;DI;DI_934;Принтер неисправен;34131;7;0.1;0.1
937;DI;DI_935;Дверь открыта;34132;7;0.1;0.1
938;DI;DI_936;Вентилятор выключен;34133;7;0.1;0.1
939;DI;DI_937;Принтер неисправен;34134;7;0.1;0.1
940;DI;DI_938;Дверь открыта;34135;7;0.1;0.1
941;DI;DI_939;Вентилятор выключен;34136;7;0.1;0.1
942;DI;DI_940;Принтер неисправен;34137;7;0.1;0.1
943;DI;DI_941;Дверь открыта;34138;7;0.1;0.1
944;DI;DI_942;Вентилятор выключен;34139;7;0.1;0.1
945;DI;DI_943;Дверь открыта;34140;7;0.1;0.1
946;DI;DI_944;Дверь открыта;34120;7;0.1;0.1
947;DI;DI_945;Вентилятор выключен;34121;7;0.1;0.1
948;DI;DI_946;Принтер неисправен;34122;7;0.1;0.1
949;DI;DI_947;Дверь открыта;34123;7;0.1;0.1
950;DI;DI_948;Вентилятор выключен;34124;7;0.1;0.1
951;DI;DI_949;Принтер неисправен;34125;7;0.1;0.1
952;DI;DI_950;Дверь открыта;34126;7;0.1;0.1
953;DI;DI_951;Вентилятор выключен;34127;7;0.1;0.1
954;DI;DI_952;Принтер неисправен;34128;7;0.1;0.1
955;DI;DI_953;Дверь открыта;34129;7;0.1;0.1
956;DI;DI_954;Вентилятор выключен;34130;7;0.1;0.1
957;DI;DI_955;Принтер неисправен;34131;7;0.1;0.1
958;DI;DI_956;Дверь открыта;34132;7;0.1;0.1
959;DI;DI_957;Вентилятор выключен;34133;7;0.1;0.1
960;DI;DI_958;Принтер неисправен;34134;7;0.1;0.1
961;DI;DI_959;Дверь открыта;34135;7;0.1;0.1
962;DI;DI_960;Вентилятор выключен;34136;7;0.1;0.1
963;DI;DI_961;Принтер неисправен;34137;7;0.1;0.1
964;DI;DI_962;Дверь открыта;34138;7;0.1;0.1
965;DI;DI_963;Вентилятор выключен;34139;7;0.1;0.1
966;DI;DI_964;Дверь открыта;34140;7;0.1;0.1
967;DI;DI_965;Дверь открыта;34120;7;0.1;0.1
968;DI;DI_966;Вентилятор выключен;34121;7;0.1;0.1
969;DI;DI_967;Принтер неисправен;34122;7;0.1;0.1
970;DI;DI_968;Дверь открыта;34123;7;0.1;0.1
971;DI;DI_969;Вентилятор выключен;34124;7;0.1;0.1
972;DI;DI_970;Принтер неисправен;34125;7;0.1;0.1
973;DI;DI_971;Дверь открыта;34126;7;0.1;0.1
974;DI;DI_972;Вентилятор выключен;34127;7;0.1;0.1
975;DI;DI_973;Принтер неисправен;34128;7;0.1;0.1
976;DI;DI_974;Дверь открыта;34129;7;0.1;0.1
977;DI;DI_975;Вентилятор выключен;34130;7;0.1;0.1
978;DI;DI_976;Принтер неисправен;34131;7;0.1;0.1
979;DI;DI_977;Дверь открыта;34132;7;0.1;0.1
980;DI;DI_978;Вентилятор выключен;34133;7;0.1;0.1
981;DI;DI_979;Принтер неисправен;34134;7;0.1;0.1
982;DI;DI_980;Дверь открыта;34135;7;0.1;0.1
983;DI;DI_981;Вентилятор выключен;34136;7;0.1;0.1
984;DI;DI_982;Принтер неисправен;34137;7;0.1;0.1
985;DI;DI_983;Дверь открыта;34138;7;0.1;0.1
986;DI;DI_984;Вентилятор выключен;34139;7;0.1;0.1
987;DI;DI_985;Дверь открыта;34140;7;0.1;0.1
988;DI;DI_986;Дверь открыта;34120;7;0.1;0.1
989;DI;DI_987;Вентилятор выключен;34121;7;0.1;0.1
990;DI;DI_988;Принтер неисправен;34122;7;0.1;0.1
991;DI;DI_989;Дверь открыта;34123;7;0.1;0.1
992;DI;DI_990;Вентилятор выключен;34124;7;0.1;0.1
993;DI;DI_991;Принтер неисправен;34125;7;0.1;0.1
994;DI;DI_992;Дверь открыта;34126;7;0.1;0.1
995;DI;DI_993;Вентилятор выключен;34127;7;0.1;0.1
996;DI;DI_994;Принтер неисправен;34128;7;0.1;0.1
997;DI;DI_995;Дверь открыта;34129;7;0.1;0.1
998;DI;DI_996;Вентилятор выключен;34130;7;0.1;0.1
999;DI;DI_997;Принтер неисправен;34131;7;0.1;0.1
1000;DI;DI_998;Дверь открыта;34132;7;0.1;0.1
1001;DI;DI_999;Вентилятор выключен;34133;7;0.1;0.1
1002;DI;DI_1000;Принтер неисправен;34134;7;0.1;0.1
1003;DI;DI_1001;Дверь открыта;34135;7;0.1;0.1
1004;DI;DI_1002;Вентилятор выключен;34136;7;0.1;0.1
1005;DI;DI_1003;Принтер неисправен;34137;7;0.1;0.1
1006;DI;DI_1004;Дверь открыта;34138;7;0.1;0.1
1007;DI;DI_1005;Вентилятор выключен;34139;7;0.1;0.1
1008;DI;DI_1006;Дверь открыта;34140;7;0.1;0.1
1009;DI;DI_1007;Дверь открыта;34120;7;0.1;0.1
1010;DI;DI_1008;Вентилятор выключен;34121;7;0.1;0.1
1011;DI;DI_1009;Принтер неисправен;34122;7;0.1;0.1
1012;DI;DI_1010;Дверь открыта;34123;7;0.1;0.1
1013;DI;DI_1011;Вентилятор выключен;34124;7;0.1;0.1
1014;DI;DI_1012;Принтер неисправен;34125;7;0.1;0.1
1015;DI;DI_1013;Дверь открыта;34126;7;0.1;0.1
1016;DI;DI_1014;Вентилятор выключен;34127;7;0.1;0.1
1017;DI;DI_1015;Принтер неисправен;34128;7;0.1;0.1
1018;DI;DI_1016;Дверь открыта;34129;7;0.1;0.1
1019;DI;DI_1017;Вентилятор выключен;34130;7;0.1;0.1
1020;DI;DI_1018;Принтер неисправен;34131;7;0.1;0.1
1021;DI;DI_1019;Дверь открыта;34132;7;0.1;0.1
1022;DI;DI_1020;Вентилятор выключен;34133;7;0.1;0.1
1023;DI;DI_1021;Принтер неисправен;34134;7;0.1;0.1
1024;DI;DI_1022;Дверь открыта;34135;7;0.1;0.1
1025;DI;DI_1023;Вентилятор выключен;34136;7;0.1;0.1
1026;DI;DI_1024;Принтер неисправен;34137;7;0.1;0.1
1027;DI;DI_1025;Дверь открыта;34138;7;0.1;0.1
1028;DI;DI_1026;Вентилятор выключен;34139;7;0.1;0.1
1029;DI;DI_1027;Дверь открыта;34140;7;0.1;0.1
1030;DI;DI_1028;Дверь открыта;34120;7;0.1;0.1
1031;DI;DI_1029;Вентилятор выключен;34121;7;0.1;0.1
1032;DI;DI_1030;Принтер неисправен;34122;7;0.1;0.1
1033;DI;DI_1031;Дверь открыта;34123;7;0.1;0.1
1034;DI;DI_1032;Вентилятор выключен;34124;7;0.1;0.1
1035;DI;DI_1033;Принтер неисправен;34125;7;0.1;0.1
1036;DI;DI_1034;Дверь открыта;34126;7;0.1;0.1
1037;DI;DI_1035;Вентилятор выключен;34127;7;0.1;0.1
1038;DI;DI_1036;Принтер неисправен;34128;7;0.1;0.1
1039;DI;DI_1037;Дверь открыта;34129;7;0.1;0.1
1040;DI;DI_1038;Вентилятор выключен;34130;7;0.1;0.1
1041;DI;DI_1039;Принтер неисправен;34131;7;0.1;0.1
1042;DI;DI_1040;Дверь открыта;34132;7;0.1;0.1
1043;DI;DI_1041;Вентилятор выключен;34133;7;0.1;0.1
1044;DI;DI_1042;Принтер неисправен;34134;7;0.1;0.1
1045;DI;DI_1043;Дверь открыта;34135;7;0.1;0.1
1046;DI;DI_1044;Вентилятор выключен;34136;7;0.1;0.1
1047;DI;DI_1045;Принтер неисправен;34137;7;0.1;0.1
1048;DI;DI_1046;Дверь открыта;34138;7;0.1;0.1
1049;DI;DI_1047;Вентилятор выключен;34139;7;0.1;0.1
1050;DI;DI_1048;Дверь открыта;34140;7;0.1;0.1
1051;DI;DI_1049;Дверь открыта;34120;7;0.1;0.1
1052;DI;DI_1050;Вентилятор выключен;34121;7;0.1;0.1
1053;DI;DI_1051;Принтер неисправен;34122;7;0.1;0.1
1054;DI;DI_1052;Дверь открыта;34123;7;0.1;0.1
1055;DI;DI_1053;Вентилятор выключен;34124;7;0.1;0.1
1056;DI;DI_1054;Принтер неисправен;34125;7;0.1;0.1
1057;DI;DI_1055;Дверь открыта;34126;7;0.1;0.1
1058;DI;DI_1056;Вентилятор выключен;34127;7;0.1;0.1
1059;DI;DI_1057;Принтер неисправен;34128;7;0.1;0.1
1060;DI;DI_1058;Дверь открыта;34129;7;0.1;0.1
1061;DI;DI_1059;Вентилятор выключен;34130;7;0.1;0.1
1062;DI;DI_1060;Принтер неисправен;34131;7;0.1;0.1
1063;DI;DI_1061;Дверь открыта;34132;7;0.1;0.1
1064;DI;DI_1062;Вентилятор выключен;34133;7;0.1;0.1
1065;DI;DI_1063;Принтер неисправен;34134;7;0.1;0.1
1066;DI;DI_1064;Дверь открыта;34135;7;0.1;0.1
1067;DI;DI_1065;Вентилятор выключен;34136;7;0.1;0.1
1068;DI;DI_1066;Принтер неисправен;34137;7;0.1;0.1
1069;DI;DI_1067;Дверь открыта;34138;7;0.1;0.1
1070;DI;DI_1068;Вентилятор выключен;34139;7;0.1;0.1
1071;DI;DI_1069;Дверь открыта;34140;7;0.1;0.1
1072;DI;DI_1070;Дверь открыта;34120;7;0.1;0.1
1073;DI;DI_1071;Вентилятор выключен;34121;7;0.1;0.1
1074;DI;DI_1072;Принтер неисправен;34122;7;0.1;0.1
1075;DI;DI_1073;Дверь открыта;34123;7;0.1;0.1
1076;DI;DI_1074;Вентилятор выключен;34124;7;0.1;0.1
1077;DI;DI_1075;Принтер неисправен;34125;7;0.1;0.1
1078;DI;DI_1076;Дверь открыта;34126;7;0.1;0.1
1079;DI;DI_1077;Вентилятор выключен;34127;7;0.1;0.1
1080;DI;DI_1078;Принтер неисправен;34128;7;0.1;0.1
1081;DI;DI_1079;Дверь открыта;34129;7;0.1;0.1
1082;DI;DI_1080;Вентилятор выключен;34130;7;0.1;0.1
1083;DI;DI_1081;Принтер неисправен;34131;7;0.1;0.1
1084;DI;DI_1082;Дверь открыта;34132;7;0.1;0.1
1085;DI;DI_1083;Вентилятор выключен;34133;7;0.1;0.1
1086;DI;DI_1084;Принтер неисправен;34134;7;0.1;0.1
1087;DI;DI_1085;Дверь открыта;34135;7;0.1;0.1
1088;DI;DI_1086;Вентилятор выключен;34136;7;0.1;0.1
1089;DI;DI_1087;Принтер неисправен;34137;7;0.1;0.1
1090;DI;DI_1088;Дверь открыта;34138;7;0.1;0.1
1091;DI;DI_1089;Вентилятор выключен;34139;7;0.1;0.1
1092;DI;DI_1090;Дверь открыта;34140;7;0.1;0.1
1093;DI;DI_1091;Дверь открыта;34120;7;0.1;0.1
1094;DI;DI_1092;Вентилятор выключен;34121;7;0.1;0.1
1095;DI;DI_1093;Принтер неисправен;34122;7;0.1;0.1
1096;DI;DI_1094;Дверь открыта;34123;7;0.1;0.1
1097;DI;DI_1095;Вентилятор выключен;34124;7;0.1;0.1
1098;DI;DI_1096;Принтер неисправен;34125;7;0.1;0.1
1099;DI;DI_1097;Дверь открыта;34126;7;0.1;0.1
1100;DI;DI_1098;Вентилятор выключен;34127;7;0.1;0.1
1101;DI;DI_1099;Принтер неисправен;34128;7;0.1;0.1
1102;DI;DI_1100;Дверь открыта;34129;7;0.1;0.1
1103;DI;DI_1101;Вентилятор выключен;34130;7;0.1;0.1
1104;DI;DI_1102;Принтер неисправен;34131;7;0.1;0.1
1105;DI;DI_1103;Дверь открыта;34132;7;0.1;0.1
1106;DI;DI_1104;Вентилятор выключен;34133;7;0.1;0.1
1107;DI;DI_1105;Принтер неисправен;34134;7;0.1;0.1
1108;DI;DI_1106;Дверь открыта;34135;7;0.1;0.1
1109;DI;DI_1107;Вентилятор выключен;34136;7;0.1;0.1
1110;DI;DI_1108;Принтер неисправен;34137;7;0.1;0.1
1111;DI;DI_1109;Дверь открыта;34138;7;0.1;0.1
1112;DI;DI_1110;Вентилятор выключен;34139;7;0.1;0.1
1113;DI;DI_1111;Дверь открыта;34140;7;0.1;0.1
1114;DI;DI_1112;Дверь открыта;34120;7;0.1;0.1
1115;DI;DI_1113;Вентилятор выключен;34121;7;0.1;0.1
1116;DI;DI_1114;Принтер неисправен;34122;7;0.1;0.1
1117;DI;DI_1115;Дверь открыта;34123;7;0.1;0.1
1118;DI;DI_1116;Вентилятор выключен;34124;7;0.1;0.1
1119;DI;DI_1117;Принтер неисправен;34125;7;0.1;0.1
1120;DI;DI_1118;Дверь открыта;34126;7;0.1;0.1
1121;DI;DI_1119;Вентилятор выключен;34127;7;0.1;0.1
1122;DI;DI_1120;Принтер неисправен;34128;7;0.1;0.1
1123;DI;DI_1121;Дверь открыта;34129;7;0.1;0.1
1124;DI;DI_1122;Вентилятор выключен;34130;7;0.1;0.1
1125;DI;DI_1123;Принтер неисправен;34131;7;0.1;0.1
1126;DI;DI_1124;Дверь открыта;34132;7;0.1;0.1
1127;DI;DI_1125;Вентилятор выключен;34133;7;0.1;0.1
1128;DI;DI_1126;Принтер неисправен;34134;7;0.1;0.1
1129;DI;DI_1127;Дверь открыта;34135;7;0.1;0.1
1130;DI;DI_1128;Вентилятор выключен;34136;7;0.1;0.1
1131;DI;DI_1129;Принтер неисправен;34137;7;0.1;0.1
1132;DI;DI_1130;Дверь открыта;34138;7;0.1;0.1
1133;DI;DI_1131;Вентилятор выключен;34139;7;0.1;0.1
1134;DI;DI_1132;Дверь открыта;34140;7;0.1;0.1
1135;DI;DI_1133;Дверь открыта;34120;7;0.1;0.1
1136;DI;DI_1134;Вентилятор выключен;34121;7;0.1;0.1
1137;DI;DI_1135;Принтер неисправен;34122;7;0.1;0.1
1138;DI;DI_1136;Дверь открыта;34123;7;0.1;0.1
1139;DI;DI_1137;Вентилятор выключен;34124;7;0.1;0.1
1140;DI;DI_1138;Принтер неисправен;34125;7;0.1;0.1
1141;DI;DI_1139;Дверь открыта;34126;7;0.1;0.1
1142;DI;DI_1140;Вентилятор выключен;34127;7;0.1;0.1
1143;DI;DI_1141;Принтер неисправен;34128;7;0.1;0.1
1144;DI;DI_1142;Дверь открыта;34129;7;0.1;0.1
1145;DI;DI_1143;Вентилятор выключен;34130;7;0.1;0.1
1146;DI;DI_1144;Принтер неисправен;34131;7;0.1;0.1
1147;DI;DI_1145;Дверь открыта;34132;7;0.1;0.1
1148;DI;DI_1146;Вентилятор выключен;34133;7;0.1;0.1
1149;DI;DI_1147;Принтер неисправен;34134;7;0.1;0.1
1150;DI;DI_1148;Дверь открыта;34135;7;0.1;0.1
1151;DI;DI_1149;Вентилятор выключен;34136;7;0.1;0.1
1152;DI;DI_1150;Принтер неисправен;34137;7;0.1;0.1
1153;DI;DI_1151;Дверь открыта;34138;7;0.1;0.1
1154;DI;DI_1152;Вентилятор выключен;34139;7;0.1;0.1
1155;DI;DI_1153;Дверь открыта;34140;7;0.1;0.1
1156;DI;DI_1154;Дверь открыта;34120;7;0.1;0.1
1157;DI;DI_1155;Вентилятор выключен;34121;7;0.1;0.1
1158;DI;DI_1156;Принтер неисправен;34122;7;0.1;0.1
1159;DI;DI_1157;Дверь открыта;34123;7;0.1;0.1
1160;DI;DI_1158;Вентилятор выключен;34124;7;0.1;0.1
1161;DI;DI_1159;Принтер неисправен;34125;7;0.1;0.1
1162;DI;DI_1160;Дверь открыта;34126;7;0.1;0.1
1163;DI;DI_1161;Вентилятор выключен;34127;7;0.1;0.1
1164;DI;DI_1162;Принтер неисправен;34128;7;0.1;0.1
1165;DI;DI_1163;Дверь открыта;34129;7;0.1;0.1
1166;DI;DI_1164;Вентилятор выключен;34130;7;0.1;0.1
1167;DI;DI_1165;Принтер неисправен;34131;7;0.1;0.1
1168;DI;DI_1166;Дверь открыта;34132;7;0.1;0.1
1169;DI;DI_1167;Вентилятор выключен;34133;7;0.1;0.1
1170;DI;DI_1168;Принтер неисправен;34134;7;0.1;0.1
1171;DI;DI_1169;Дверь открыта;34135;7;0.1;0.1
1172;DI;DI_1170;Вентилятор выключен;34136;7;0.1;0.1
1173;DI;DI_1171;Принтер неисправен;34137;7;0.1;0.1
1174;DI;DI_1172;Дверь открыта;34138;7;0.1;0.1
1175;DI;DI_1173;Вентилятор выключен;34139;7;0.1;0.1
1176;DI;DI_1174;Дверь открыта;34140;7;0.1;0.1
1177;DI;DI_1175;Дверь открыта;34120;7;0.1;0.1
1178;DI;DI_1176;Вентилятор выключен;34121;7;0.1;0.1
1179;DI;DI_1177;Принтер неисправен;34122;7;0.1;0.1
1180;DI;DI_1178;Дверь открыта;34123;7;0.1;0.1
1181;DI;DI_1179;Вентилятор выключен;34124;7;0.1;0.1
1182;DI;DI_1180;Принтер неисправен;34125;7;0.1;0.1
1183;DI;DI_1181;Дверь открыта;34126;7;0.1;0.1
1184;DI;DI_1182;Вентилятор выключен;34127;7;0.1;0.1
1185;DI;DI_1183;Принтер неисправен;34128;7;0.1;0.1
1186;DI;DI_1184;Дверь открыта;34129;7;0.1;0.1
1187;DI;DI_1185;Вентилятор выключен;34130;7;0.1;0.1
1188;DI;DI_1186;Принтер неисправен;34131;7;0.1;0.1
1189;DI;DI_1187;Дверь открыта;34132;7;0.1;0.1
1190;DI;DI_1188;Вентилятор выключен;34133;7;0.1;0.1
1191;DI;DI_1189;Принтер неисправен;34134;7;0.1;0.1
1192;DI;DI_1190;Дверь открыта;34135;7;0.1;0.1
1193;DI;DI_1191;Вентилятор выключен;34136;7;0.1;0.1
1194;DI;DI_1192;Принтер неисправен;34137;7;0.1;0.1
1195;DI;DI_1193;Дверь открыта;34138;7;0.1;0.1
1196;DI;DI_1194;Вентилятор выключен;34139;7;0.1;0.1
1197;DI;DI_1195;Дверь открыта;34140;7;0.1;0.1
1198;DI;DI_1196;Дверь открыта;34120;7;0.1;0.1
1199;DI;DI_1197;Вентилятор выключен;34121;7;0.1;0.1
1200;DI;DI_1198;Принтер неисправен;34122;7;0.1;0.1
1201;DI;DI_1199;Дверь открыта;34123;7;0.1;0.1
1202;DI;DI_1200;Вентилятор выключен;34124;7;0.1;0.1
1203;DI;DI_1201;Принтер неисправен;34125;7;0.1;0.1
1204;DI;DI_1202;Дверь открыта;34126;7;0.1;0.1
1205;DI;DI_1203;Вентилятор выключен;34127;7;0.1;0.1
1206;DI;DI_1204;Принтер неисправен;34128;7;0.1;0.1
1207;DI;DI_1205;Дверь открыта;34129;7;0.1;0.1
1208;DI;DI_1206;Вентилятор выключен;34130;7;0.1;0.1
1209;DI;DI_1207;Принтер неисправен;34131;7;0.1;0.1
1210;DI;DI_1208;Дверь открыта;34132;7;0.1;0.1
1211;DI;DI_1209;Вентилятор выключен;34133;7;0.1;0.1
1212;DI;DI_1210;Принтер неисправен;34134;7;0.1;0.1
1213;DI;DI_1211;Дверь открыта;34135;7;0.1;0.1
1214;DI;DI_1212;Вентилятор выключен;34136;7;0.1;0.1
1215;DI;DI_1213;Принтер неисправен;34137;7;0.1;0.1
1216;DI;DI_1214;Дверь открыта;34138;7;0.1;0.1
1217;DI;DI_1215;Вентилятор выключен;34139;7;0.1;0.1
1218;DI;DI_1216;Дверь открыта;34140;7;0.1;0.1
1219;DI;DI_1217;Дверь открыта;34120;7;0.1;0.1
1220;DI;DI_1218;Вентилятор выключен;34121;7;0.1;0.1
1221;DI;DI_1219;Принтер неисправен;34122;7;0.1;0.1
1222;DI;DI_1220;Дверь открыта;34123;7;0.1;0.1
1223;DI;DI_1221;Вентилятор выключен;34124;7;0.1;0.1
1224;DI;DI_1222;Принтер неисправен;34125;7;0.1;0.1
1225;DI;DI_1223;Дверь открыта;34126;7;0.1;0.1
1226;DI;DI_1224;Вентилятор выключен;34127;7;0.1;0.1
1227;DI;DI_1225;Принтер неисправен;34128;7;0.1;0.1
1228;DI;DI_1226;Дверь открыта;34129;7;0.1;0.1
1229;DI;DI_1227;Вентилятор выключен;34130;7;0.1;0.1
1230;DI;DI_1228;Принтер неисправен;34131;7;0.1;0.1
1231;DI;DI_1229;Дверь открыта;34132;7;0.1;0.1
1232;DI;DI_1230;Вентилятор выключен;34133;7;0.1;0.1
1233;DI;DI_1231;Принтер неисправен;34134;7;0.1;0.1
1234;DI;DI_1232;Дверь открыта;34135;7;0.1;0.1
1235;DI;DI_1233;Вентилятор выключен;34136;7;0.1;0.1
1236;DI;DI_1234;Принтер неисправен;34137;7;0.1;0.1
1237;DI;DI_1235;Дверь открыта;34138;7;0.1;0.1
1238;DI;DI_1236;Вентилятор выключен;34139;7;0.1;0.1
1239;DI;DI_1237;Дверь открыта;34140;7;0.1;0.1
1240;DI;DI_1238;Дверь открыта;34120;7;0.1;0.1
1241;DI;DI_1239;Вентилятор выключен;34121;7;0.1;0.1
1242;DI;DI_1240;Принтер неисправен;34122;7;0.1;0.1
1243;DI;DI_1241;Дверь открыта;34123;7;0.1;0.1
1244;DI;DI_1242;Вентилятор выключен;34124;7;0.1;0.1
1245;DI;DI_1243;Принтер неисправен;34125;7;0.1;0.1
1246;DI;DI_1244;Дверь открыта;34126;7;0.1;0.1
1247;DI;DI_1245;Вентилятор выключен;34127;7;0.1;0.1
1248;DI;DI_1246;Принтер неисправен;34128;7;0.1;0.1
1249;DI;DI_1247;Дверь открыта;34129;7;0.1;0.1
1250;DI;DI_1248;Вентилятор выключен;34130;7;0.1;0.1
1251;DI;DI_1249;Принтер неисправен;34131;7;0.1;0.1
1252;DI;DI_1250;Дверь открыта;34132;7;0.1;0.1
1253;DI;DI_1251;Вентилятор выключен;34133;7;0.1;0.1
1254;DI;DI_1252;Принтер неисправен;34134;7;0.1;0.1
1255;DI;DI_1253;Дверь открыта;34135;7;0.1;0.1
1256;DI;DI_1254;Вентилятор выключен;34136;7;0.1;0.1
1257;DI;DI_1255;Принтер неисправен;34137;7;0.1;0.1
1258;DI;DI_1256;Дверь открыта;34138;7;0.1;0.1
1259;DI;DI_1257;Вентилятор выключен;34139;7;0.1;0.1
1260;DI;DI_1258;Дверь открыта;34140;7;0.1;0.1
1261;DI;DI_1259;Дверь открыта;34120;7;0.1;0.1
1262;DI;DI_1260;Вентилятор выключен;34121;7;0.1;0.1
1263;DI;DI_1261;Принтер неисправен;34122;7;0.1;0.1
1264;DI;DI_1262;Дверь открыта;34123;7;0.1;0.1
1265;DI;DI_1263;Вентилятор выключен;34124;7;0.1;0.1
1266;DI;DI_1264;Принтер неисправен;34125;7;0.1;0.1
1267;DI;DI_1265;Дверь открыта;34126;7;0.1;0.1
1268;DI;DI_1266;Вентилятор выключен;34127;7;0.1;0.1
1269;DI;DI_1267;Принтер неисправен;34128;7;0.1;0.1
1270;DI;DI_1268;Дверь открыта;34129;7;0.1;0.1
1271;DI;DI_1269;Вентилятор выключен;34130;7;0.1;0.1
1272;DI;DI_1270;Принтер неисправен;34131;7;0.1;0.1
1273;DI;DI_1271;Дверь открыта;34132;7;0.1;0.1
1274;DI;DI_1272;Вентилятор выключен;34133;7;0.1;0.1
1275;DI;DI_1273;Принтер неисправен;34134;7;0.1;0.1
1276;DI;DI_1274;Дверь открыта;34135;7;0.1;0.1
1277;DI;DI_1275;Вентилятор выключен;34136;7;0.1;0.1
1278;DI;DI_1276;Принтер неисправен;34137;7;0.1;0.1
1279;DI;DI_1277;Дверь открыта;34138;7;0.1;0.1
1280;DI;DI_1278;Вентилятор выключен;34139;7;0.1;0.1
1281;DI;DI_1279;Дверь открыта;34140;7;0.1;0.1
1282;DI;DI_1280;Дверь открыта;34120;7;0.1;0.1
1283;DI;DI_1281;Вентилятор выключен;34121;7;0.1;0.1
1284;DI;DI_1282;Принтер неисправен;34122;7;0.1;0.1
1285;DI;DI_1283;Дверь открыта;34123;7;0.1;0.1
1286;DI;DI_1284;Вентилятор выключен;34124;7;0.1;0.1
1287;DI;DI_1285;Принтер неисправен;34125;7;0.1;0.1
1288;DI;DI_1286;Дверь открыта;34126;7;0.1;0.1
1289;DI;DI_1287;Вентилятор выключен;34127;7;0.1;0.1
1290;DI;DI_1288;Принтер неисправен;34128;7;0.1;0.1
1291;DI;DI_1289;Дверь открыта;34129;7;0.1;0.1
1292;DI;DI_1290;Вентилятор выключен;34130;7;0.1;0.1
1293;DI;DI_1291;Принтер неисправен;34131;7;0.1;0.1
1294;DI;DI_1292;Дверь открыта;34132;7;0.1;0.1
1295;DI;DI_1293;Вентилятор выключен;34133;7;0.1;0.1
1296;DI;DI_1294;Принтер неисправен;34134;7;0.1;0.1
1297;DI;DI_1295;Дверь открыта;34135;7;0.1;0.1
1298;DI;DI_1296;Вентилятор выключен;34136;7;0.1;0.1
1299;DI;DI_1297;Принтер неисправен;34137;7;0.1;0.1
1300;DI;DI_1298;Дверь открыта;34138;7;0.1;0.1
1301;DI;DI_1299;Вентилятор выключен;34139;7;0.1;0.1
1302;DI;DI_1300;Дверь открыта;34140;7;0.1;0.1
1303;DI;DI_1301;Дверь открыта;34120;7;0.1;0.1
1304;DI;DI_1302;Вентилятор выключен;34121;7;0.1;0.1
1305;DI;DI_1303;Принтер неисправен;34122;7;0.1;0.1
1306;DI;DI_1304;Дверь открыта;34123;7;0.1;0.1
1307;DI;DI_1305;Вентилятор выключен;34124;7;0.1;0.1
1308;DI;DI_1306;Принтер неисправен;34125;7;0.1;0.1
1309;DI;DI_1307;Дверь открыта;34126;7;0.1;0.1
1310;DI;DI_1308;Вентилятор выключен;34127;7;0.1;0.1
1311;DI;DI_1309;Принтер неисправен;34128;7;0.1;0.1
1312;DI;DI_1310;Дверь открыта;34129;7;0.1;0.1
1313;DI;DI_1311;Вентилятор выключен;34130;7;0.1;0.1
1314;DI;DI_1312;Принтер неисправен;34131;7;0.1;0.1
1315;DI;DI_1313;Дверь открыта;34132;7;0.1;0.1
1316;DI;DI_1314;Вентилятор выключен;34133;7;0.1;0.1
1317;DI;DI_1315;Принтер неисправен;34134;7;0.1;0.1
1318;DI;DI_1316;Дверь открыта;34135;7;0.1;0.1
1319;DI;DI_1317;Вентилятор выключен;34136;7;0.1;0.1
1320;DI;DI_1318;Принтер неисправен;34137;7;0.1;0.1
1321;DI;DI_1319;Дверь открыта;34138;7;0.1;0.1
1322;DI;DI_1320;Вентилятор выключен;34139;7;0.1;0.1
1323;DI;DI_1321;Дверь открыта;34140;7;0.1;0.1
1324;DI;DI_1322;Дверь открыта;34120;7;0.1;0.1
1325;DI;DI_1323;Вентилятор выключен;34121;7;0.1;0.1
1326;DI;DI_1324;Принтер неисправен;34122;7;0.1;0.1
1327;DI;DI_1325;Дверь открыта;34123;7;0.1;0.1
1328;DI;DI_1326;Вентилятор выключен;34124;7;0.1;0.1
1329;DI;DI_1327;Принтер неисправен;34125;7;0.1;0.1
1330;DI;DI_1328;Дверь открыта;34126;7;0.1;0.1
1331;DI;DI_1329;Вентилятор выключен;34127;7;0.1;0.1
1332;DI;DI_1330;Принтер неисправен;34128;7;0.1;0.1
1333;DI;DI_1331;Дверь открыта;34129;7;0.1;0.1
1334;DI;DI_1332;Вентилятор выключен;34130;7;0.1;0.1
1335;DI;DI_1333;Принтер неисправен;34131;7;0.1;0.1
1336;DI;DI_1334;Дверь открыта;34132;7;0.1;0.1
1337;DI;DI_1335;Вентилятор выключен;34133;7;0.1;0.1
1338;DI;DI_1336;Принтер неисправен;34134;7;0.1;0.1
1339;DI;DI_1337;Дверь открыта;34135;7;0.1;0.1
1340;DI;DI_1338;Вентилятор выключен;34136;7;0.1;0.1
1341;DI;DI_1339;Принтер неисправен;34137;7;0.1;0.1
1342;DI;DI_1340;Дверь открыта;34138;7;0.1;0.1
1343;DI;DI_1341;Вентилятор выключен;34139;7;0.1;0.1
1344;DI;DI_1342;Дверь открыта;34140;7;0.1;0.1
1345;DI;DI_1343;Дверь открыта;34120;7;0.1;0.1
1346;DI;DI_1344;Вентилятор выключен;34121;7;0.1;0.1
1347;DI;DI_1345;Принтер неисправен;34122;7;0.1;0.1
1348;DI;DI_1346;Дверь открыта;34123;7;0.1;0.1
1349;DI;DI_1347;Вентилятор выключен;34124;7;0.1;0.1
1350;DI;DI_1348;Принтер неисправен;34125;7;0.1;0.1
1351;DI;DI_1349;Дверь открыта;34126;7;0.1;0.1
1352;DI;DI_1350;Вентилятор выключен;34127;7;0.1;0.1
1353;DI;DI_1351;Принтер неисправен;34128;7;0.1;0.1
1354;DI;DI_1352;Дверь открыта;34129;7;0.1;0.1
1355;DI;DI_1353;Вентилятор выключен;34130;7;0.1;0.1
1356;DI;DI_1354;Принтер неисправен;34131;7;0.1;0.1
1357;DI;DI_1355;Дверь открыта;34132;7;0.1;0.1
1358;DI;DI_1356;Вентилятор выключен;34133;7;0.1;0.1
1359;DI;DI_1357;Принтер неисправен;34134;7;0.1;0.1
1360;DI;DI_1358;Дверь открыта;34135;7;0.1;0.1
1361;DI;DI_1359;Вентилятор выключен;34136;7;0.1;0.1
1362;DI;DI_1360;Принтер неисправен;34137;7;0.1;0.1
1363;DI;DI_1361;Дверь открыта;34138;7;0.1;0.1
1364;DI;DI_1362;Вентилятор выключен;34139;7;0.1;0.1
1365;DI;DI_1363;Дверь открыта;34140;7;0.1;0.1
1366;DI;DI_1364;Дверь открыта;34120;7;0.1;0.1
1367;DI;DI_1365;Вентилятор выключен;34121;7;0.1;0.1
1368;DI;DI_1366;Принтер неисправен;34122;7;0.1;0.1
1369;DI;DI_1367;Дверь открыта;34123;7;0.1;0.1
1370;DI;DI_1368;Вентилятор выключен;34124;7;0.1;0.1
1371;DI;DI_1369;Принтер неисправен;34125;7;0.1;0.1
1372;DI;DI_1370;Дверь открыта;34126;7;0.1;0.1
1373;DI;DI_1371;Вентилятор выключен;34127;7;0.1;0.1
1374;DI;DI_1372;Принтер неисправен;34128;7;0.1;0.1
1375;DI;DI_1373;Дверь открыта;34129;7;0.1;0.1
1376;DI;DI_1374;Вентилятор выключен;34130;7;0.1;0.1
1377;DI;DI_1375;Принтер неисправен;34131;7;0.1;0.1
1378;DI;DI_1376;Дверь открыта;34132;7;0.1;0.1
1379;DI;DI_1377;Вентилятор выключен;34133;7;0.1;0.1
1380;DI;DI_1378;Принтер неисправен;34134;7;0.1;0.1
1381;DI;DI_1379;Дверь открыта;34135;7;0.1;0.1
1382;DI;DI_1380;Вентилятор выключен;34136;7;0.1;0.1
1383;DI;DI_1381;Принтер неисправен;34137;7;0.1;0.1
1384;DI;DI_1382;Дверь открыта;34138;7;0.1;0.1
1385;DI;DI_1383;Вентилятор выключен;34139;7;0.1;0.1
1386;DI;DI_1384;Дверь открыта;34140;7;0.1;0.1
1387;DI;DI_1385;Дверь открыта;34120;7;0.1;0.1
1388;DI;DI_1386;Вентилятор выключен;34121;7;0.1;0.1
1389;DI;DI_1387;Принтер неисправен;34122;7;0.1;0.1
1390;DI;DI_1388;Дверь открыта;34123;7;0.1;0.1
1391;DI;DI_1389;Вентилятор выключен;34124;7;0.1;0.1
1392;DI;DI_1390;Принтер неисправен;34125;7;0.1;0.1
1393;DI;DI_1391;Дверь открыта;34126;7;0.1;0.1
1394;DI;DI_1392;Вентилятор выключен;34127;7;0.1;0.1
1395;DI;DI_1393;Принтер неисправен;34128;7;0.1;0.1
1396;DI;DI_1394;Дверь открыта;34129;7;0.1;0.1
1397;DI;DI_1395;Вентилятор выключен;34130;7;0.1;0.1
1398;DI;DI_1396;Принтер неисправен;34131;7;0.1;0.1
1399;DI;DI_1397;Дверь открыта;34132;7;0.1;0.1
1400;DI;DI_1398;Вентилятор выключен;34133;7;0.1;0.1
1401;DI;DI_1399;Принтер неисправен;34134;7;0.1;0.1
1402;DI;DI_1400;Дверь открыта;34135;7;0.1;0.1
1403;DI;DI_1401;Вентилятор выключен;34136;7;0.1;0.1
1404;DI;DI_1402;Принтер неисправен;34137;7;0.1;0.1
1405;DI;DI_1403;Дверь открыта;34138;7;0.1;0.1
1406;DI;DI_1404;Вентилятор выключен;34139;7;0.1;0.1
1407;DI;DI_1405;Дверь открыта;34140;7;0.1;0.1
1408;DI;DI_1406;Дверь открыта;34120;7;0.1;0.1
1409;DI;DI_1407;Вентилятор выключен;34121;7;0.1;0.1
1410;DI;DI_1408;Принтер неисправен;34122;7;0.1;0.1
1411;DI;DI_1409;Дверь открыта;34123;7;0.1;0.1
1412;DI;DI_1410;Вентилятор выключен;34124;7;0.1;0.1
1413;DI;DI_1411;Принтер неисправен;34125;7;0.1;0.1
1414;DI;DI_1412;Дверь открыта;34126;7;0.1;0.1
1415;DI;DI_1413;Вентилятор выключен;34127;7;0.1;0.1
1416;DI;DI_1414;Принтер неисправен;34128;7;0.1;0.1
1417;DI;DI_1415;Дверь открыта;34129;7;0.1;0.1
1418;DI;DI_1416;Вентилятор выключен;34130;7;0.1;0.1
1419;DI;DI_1417;Принтер неисправен;34131;7;0.1;0.1
1420;DI;DI_1418;Дверь открыта;34132;7;0.1;0.1
1421;DI;DI_1419;Вентилятор выключен;34133;7;0.1;0.1
1422;DI;DI_1420;Принтер неисправен;34134;7;0.1;0.1
1423;DI;DI_1421;Дверь открыта;34135;7;0.1;0.1
1424;DI;DI_1422;Вентилятор выключен;34136;7;0.1;0.1
1425;DI;DI_1423;Принтер неисправен;34137;7;0.1;0.1
1426;DI;DI_1424;Дверь открыта;34138;7;0.1;0.1
1427;DI;DI_1425;Вентилятор выключен;34139;7;0.1;0.1
1428;DI;DI_1426;Дверь открыта;34140;7;0.1;0.1
1429;DI;DI_1427;Дверь открыта;34120;7;0.1;0.1
1430;DI;DI_1428;Вентилятор выключен;34121;7;0.1;0.1
1431;DI;DI_1429;Принтер неисправен;34122;7;0.1;0.1
1432;DI;DI_1430;Дверь открыта;34123;7;0.1;0.1
1433;DI;DI_1431;Вентилятор выключен;34124;7;0.1;0.1
1434;DI;DI_1432;Принтер неисправен;34125;7;0.1;0.1
1435;DI;DI_1433;Дверь открыта;34126;7;0.1;0.1
1436;DI;DI_1434;Вентилятор выключен;34127;7;0.1;0.1
1437;DI;DI_1435;Принтер неисправен;34128;7;0.1;0.1
1438;DI;DI_1436;Дверь открыта;34129;7;0.1;0.1
1439;DI;DI_1437;Вентилятор выключен;34130;7;0.1;0.1
1440;DI;DI_1438;Принтер неисправен;34131;7;0.1;0.1
1441;DI;DI_1439;Дверь открыта;34132;7;0.1;0.1
1442;DI;DI_1440;Вентилятор выключен;34133;7;0.1;0.1
1443;DI;DI_1441;Принтер неисправен;34134;7;0.1;0.1
1444;DI;DI_1442;Дверь открыта;34135;7;0.1;0.1
1445;DI;DI_1443;Вентилятор выключен;34136;7;0.1;0.1
1446;DI;DI_1444;Принтер неисправен;34137;7;0.1;0.1
1447;DI;DI_1445;Дверь открыта;34138;7;0.1;0.1
1448;DI;DI_1446;Вентилятор выключен;34139;7;0.1;0.1
1449;DI;DI_1447;Дверь открыта;34140;7;0.1;0.1
1450;DI;DI_1448;Дверь открыта;34120;7;0.1;0.1
1451;DI;DI_1449;Вентилятор выключен;34121;7;0.1;0.1
1452;DI;DI_1450;Принтер неисправен;34122;7;0.1;0.1
1453;DI;DI_1451;Дверь открыта;34123;7;0.1;0.1
1454;DI;DI_1452;Вентилятор выключен;34124;7;0.1;0.1
1455;DI;DI_1453;Принтер неисправен;34125;7;0.1;0.1
1456;DI;DI_1454;Дверь открыта;34126;7;0.1;0.1
1457;DI;DI_1455;Вентилятор выключен;34127;7;0.1;0.1
1458;DI;DI_1456;Принтер неисправен;34128;7;0.1;0.1
1459;DI;DI_1457;Дверь открыта;34129;7;0.1;0.1
1460;DI;DI_1458;Вентилятор выключен;34130;7;0.1;0.1
1461;DI;DI_1459;Принтер неисправен;34131;7;0.1;0.1
1462;DI;DI_1460;Дверь открыта;34132;7;0.1;0.1
1463;DI;DI_1461;Вентилятор выключен;34133;7;0.1;0.1
1464;DI;DI_1462;Принтер неисправен;34134;7;0.1;0.1
1465;DI;DI_1463;Дверь открыта;34135;7;0.1;0.1
1466;DI;DI_1464;Вентилятор выключен;34136;7;0.1;0.1
1467;DI;DI_1465;Принтер неисправен;34137;7;0.1;0.1
1468;DI;DI_1466;Дверь открыта;34138;7;0.1;0.1
1469;DI;DI_1467;Вентилятор выключен;34139;7;0.1;0.1
1470;DI;DI_1468;Дверь открыта;34140;7;0.1;0.1
1471;DI;DI_1469;Дверь открыта;34120;7;0.1;0.1
1472;DI;DI_1470;Вентилятор выключен;34121;7;0.1;0.1
1473;DI;DI_1471;Принтер неисправен;34122;7;0.1;0.1
1474;DI;DI_1472;Дверь открыта;34123;7;0.1;0.1
1475;DI;DI_1473;Вентилятор выключен;34124;7;0.1;0.1
1476;DI;DI_1474;Принтер неисправен;34125;7;0.1;0.1
1477;DI;DI_1475;Дверь открыта;34126;7;0.1;0.1
1478;DI;DI_1476;Вентилятор выключен;34127;7;0.1;0.1
1479;DI;DI_1477;Принтер неисправен;34128;7;0.1;0.1
1480;DI;DI_1478;Дверь открыта;34129;7;0.1;0.1
1481;DI;DI_1479;Вентилятор выключен;34130;7;0.1;0.1
1482;DI;DI_1480;Принтер неисправен;34131;7;0.1;0.1
1483;DI;DI_1481;Дверь открыта;34132;7;0.1;0.1
1484;DI;DI_1482;Вентилятор выключен;34133;7;0.1;0.1
1485;DI;DI_1483;Принтер неисправен;34134;7;0.1;0.1
1486;DI;DI_1484;Дверь открыта;34135;7;0.1;0.1
1487;DI;DI_1485;Вентилятор выключен;34136;7;0.1;0.1
1488;DI;DI_1486;Принтер неисправен;34137;7;0.1;0.1
1489;DI;DI_1487;Дверь открыта;34138;7;0.1;0.1
1490;DI;DI_1488;Вентилятор выключен;34139;7;0.1;0.1
1491;DI;DI_1489;Дверь открыта;34140;7;0.1;0.1
1492;DI;DI_1490;Дверь открыта;34120;7;0.1;0.1
1493;DI;DI_1491;Вентилятор выключен;34121;7;0.1;0.1
1494;DI;DI_1492;Принтер неисправен;34122;7;0.1;0.1
1495;DI;DI_1493;Дверь открыта;34123;7;0.1;0.1
1496;DI;DI_1494;Вентилятор выключен;34124;7;0.1;0.1
1497;DI;DI_1495;Принтер неисправен;34125;7;0.1;0.1
1498;DI;DI_1496;Дверь открыта;34126;7;0.1;0.1
1499;DI;DI_1497;Вентилятор выключен;34127;7;0.1;0.1
1500;DI;DI_1498;Принтер неисправен;34128;7;0.1;0.1
1501;DI;DI_1499;Дверь открыта;34129;7;0.1;0.1
1502;DI;DI_1500;Вентилятор выключен;34130;7;0.1;0.1
1503;DI;DI_1501;Принтер неисправен;34131;7;0.1;0.1
1504;DI;DI_1502;Дверь открыта;34132;7;0.1;0.1
1505;DI;DI_1503;Вентилятор выключен;34133;7;0.1;0.1
1506;DI;DI_1504;Принтер неисправен;34134;7;0.1;0.1
1507;DI;DI_1505;Дверь открыта;34135;7;0.1;0.1
1508;DI;DI_1506;Вентилятор выключен;34136;7;0.1;0.1
1509;DI;DI_1507;Принтер неисправен;34137;7;0.1;0.1
1510;DI;DI_1508;Дверь открыта;34138;7;0.1;0.1
1511;DI;DI_1509;Вентилятор выключен;34139;7;0.1;0.1
1512;DI;DI_1510;Дверь открыта;34140;7;0.1;0.1
1513;DI;DI_1511;Дверь открыта;34120;7;0.1;0.1
1514;DI;DI_1512;Вентилятор выключен;34121;7;0.1;0.1
1515;DI;DI_1513;Принтер неисправен;34122;7;0.1;0.1
1516;DI;DI_1514;Дверь открыта;34123;7;0.1;0.1
1517;DI;DI_1515;Вентилятор выключен;34124;7;0.1;0.1
1518;DI;DI_1516;Принтер неисправен;34125;7;0.1;0.1
1519;DI;DI_1517;Дверь открыта;34126;7;0.1;0.1
1520;DI;DI_1518;Вентилятор выключен;34127;7;0.1;0.1
1521;DI;DI_1519;Принтер неисправен;34128;7;0.1;0.1
1522;DI;DI_1520;Дверь открыта;34129;7;0.1;0.1
1523;DI;DI_1521;Вентилятор выключен;34130;7;0.1;0.1
1524;DI;DI_1522;Принтер неисправен;34131;7;0.1;0.1
1525;DI;DI_1523;Дверь открыта;34132;7;0.1;0.1
1526;DI;DI_1524;Вентилятор выключен;34133;7;0.1;0.1
1527;DI;DI_1525;Принтер неисправен;34134;7;0.1;0.1
1528;DI;DI_1526;Дверь открыта;34135;7;0.1;0.1
1529;DI;DI_1527;Вентилятор выключен;34136;7;0.1;0.1
1530;DI;DI_1528;Принтер неисправен;34137;7;0.1;0.1
1531;DI;DI_1529;Дверь открыта;34138;7;0.1;0.1
1532;DI;DI_1530;Вентилятор выключен;34139;7;0.1;0.1
1533;DI;DI_1531;Дверь открыта;34140;7;0.1;0.1
1534;DI;DI_1532;Дверь открыта;34120;7;0.1;0.1
1535;DI;DI_1533;Вентилятор выключен;34121;7;0.1;0.1
1536;DI;DI_1534;Принтер неисправен;34122;7;0.1;0.1
1537;DI;DI_1535;Дверь открыта;34123;7;0.1;0.1
1538;DI;DI_1536;Вентилятор выключен;34124;7;0.1;0.1
1539;DI;DI_1537;Принтер неисправен;34125;7;0.1;0.1
1540;DI;DI_1538;Дверь открыта;34126;7;0.1;0.1
1541;DI;DI_1539;Вентилятор выключен;34127;7;0.1;0.1
1542;DI;DI_1540;Принтер неисправен;34128;7;0.1;0.1
1543;DI;DI_1541;Дверь открыта;34129;7;0.1;0.1
1544;DI;DI_1542;Вентилятор выключен;34130;7;0.1;0.1
1545;DI;DI_1543;Принтер неисправен;34131;7;0.1;0.1
1546;DI;DI_1544;Дверь открыта;34132;7;0.1;0.1
1547;DI;DI_1545;Вентилятор выключен;34133;7;0.1;0.1
1548;DI;DI_1546;Принтер неисправен;34134;7;0.1;0.1
1549;DI;DI_1547;Дверь открыта;34135;7;0.1;0.1
1550;DI;DI_1548;Вентилятор выключен;34136;7;0.1;0.1
1551;DI;DI_1549;Принтер неисправен;34137;7;0.1;0.1
1552;DI;DI_1550;Дверь открыта;34138;7;0.1;0.1
1553;DI;DI_1551;Вентилятор выключен;34139;7;0.1;0.1
1554;DI;DI_1552;Дверь открыта;34140;7;0.1;0.1
1555;DI;DI_1553;Дверь открыта;34120;7;0.1;0.1
1556;DI;DI_1554;Вентилятор выключен;34121;7;0.1;0.1
1557;DI;DI_1555;Принтер неисправен;34122;7;0.1;0.1
1558;DI;DI_1556;Дверь открыта;34123;7;0.1;0.1
1559;DI;DI_1557;Вентилятор выключен;34124;7;0.1;0.1
1560;DI;DI_1558;Принтер неисправен;34125;7;0.1;0.1
1561;DI;DI_1559;Дверь открыта;34126;7;0.1;0.1
1562;DI;DI_1560;Вентилятор выключен;34127;7;0.1;0.1
1563;DI;DI_1561;Принтер неисправен;34128;7;0.1;0.1
1564;DI;DI_1562;Дверь открыта;34129;7;0.1;0.1
1565;DI;DI_1563;Вентилятор выключен;34130;7;0.1;0.1
1566;DI;DI_1564;Принтер неисправен;34131;7;0.1;0.1
1567;DI;DI_1565;Дверь открыта;34132;7;0.1;0.1
1568;DI;DI_1566;Вентилятор выключен;34133;7;0.1;0.1
1569;DI;DI_1567;Принтер неисправен;34134;7;0.1;0.1
1570;DI;DI_1568;Дверь открыта;34135;7;0.1;0.1
1571;DI;DI_1569;Вентилятор выключен;34136;7;0.1;0.1
1572;DI;DI_1570;Принтер неисправен;34137;7;0.1;0.1
1573;DI;DI_1571;Дверь открыта;34138;7;0.1;0.1
1574;DI;DI_1572;Вентилятор выключен;34139;7;0.1;0.1
1575;DI;DI_1573;Дверь открыта;34140;7;0.1;0.1
1576;DI;DI_1574;Дверь открыта;34120;7;0.1;0.1
1577;DI;DI_1575;Вентилятор выключен;34121;7;0.1;0.1
1578;DI;DI_1576;Принтер неисправен;34122;7;0.1;0.1
1579;DI;DI_1577;Дверь открыта;34123;7;0.1;0.1
1580;DI;DI_1578;Вентилятор выключен;34124;7;0.1;0.1
1581;DI;DI_1579;Принтер неисправен;34125;7;0.1;0.1
1582;DI;DI_1580;Дверь открыта;34126;7;0.1;0.1
1583;DI;DI_1581;Вентилятор выключен;34127;7;0.1;0.1
1584;DI;DI_1582;Принтер неисправен;34128;7;0.1;0.1
1585;DI;DI_1583;Дверь открыта;34129;7;0.1;0.1
1586;DI;DI_1584;Вентилятор выключен;34130;7;0.1;0.1
1587;DI;DI_1585;Принтер неисправен;34131;7;0.1;0.1
1588;DI;DI_1586;Дверь открыта;34132;7;0.1;0.1
1589;DI;DI_1587;Вентилятор выключен;34133;7;0.1;0.1
1590;DI;DI_1588;Принтер неисправен;34134;7;0.1;0.1
1591;DI;DI_1589;Дверь открыта;34135;7;0.1;0.1
1592;DI;DI_1590;Вентилятор выключен;34136;7;0.1;0.1
1593;DI;DI_1591;Принтер неисправен;34137;7;0.1;0.1
1594;DI;DI_1592;Дверь открыта;34138;7;0.1;0.1
1595;DI;DI_1593;Вентилятор выключен;34139;7;0.1;0.1
1596;DI;DI_1594;Дверь открыта;34140;7;0.1;0.1
1597;DI;DI_1595;Дверь открыта;34120;7;0.1;0.1
1598;DI;DI_1596;Вентилятор выключен;34121;7;0.1;0.1
1599;DI;DI_1597;Принтер неисправен;34122;7;0.1;0.1
1600;DI;DI_1598;Дверь открыта;34123;7;0.1;0.1
1601;DI;DI_1599;Вентилятор выключен;34124;7;0.1;0.1
1602;DI;DI_1600;Принтер неисправен;34125;7;0.1;0.1
1603;DI;DI_1601;Дверь открыта;34126;7;0.1;0.1
1604;DI;DI_1602;Вентилятор выключен;34127;7;0.1;0.1
1605;DI;DI_1603;Принтер неисправен;34128;7;0.1;0.1
1606;DI;DI_1604;Дверь открыта;34129;7;0.1;0.1
1607;DI;DI_1605;Вентилятор выключен;34130;7;0.1;0.1
1608;DI;DI_1606;Принтер неисправен;34131;7;0.1;0.1
1609;DI;DI_1607;Дверь открыта;34132;7;0.1;0.1
1610;DI;DI_1608;Вентилятор выключен;34133;7;0.1;0.1
1611;DI;DI_1609;Принтер неисправен;34134;7;0.1;0.1
1612;DI;DI_1610;Дверь открыта;34135;7;0.1;0.1
1613;DI;DI_1611;Вентилятор выключен;34136;7;0.1;0.1
1614;DI;DI_1612;Принтер неисправен;34137;7;0.1;0.1
1615;DI;DI_1613;Дверь открыта;34138;7;0.1;0.1
1616;DI;DI_1614;Вентилятор выключен;34139;7;0.1;0.1
1617;DI;DI_1615;Дверь открыта;34140;7;0.1;0.1
1618;DI;DI_1616;Дверь открыта;34120;7;0.1;0.1
1619;DI;DI_1617;Вентилятор выключен;34121;7;0.1;0.1
1620;DI;DI_1618;Принтер неисправен;34122;7;0.1;0.1
1621;DI;DI_1619;Дверь открыта;34123;7;0.1;0.1
1622;DI;DI_1620;Вентилятор выключен;34124;7;0.1;0.1
1623;DI;DI_1621;Принтер неисправен;34125;7;0.1;0.1
1624;DI;DI_1622;Дверь открыта;34126;7;0.1;0.1
1625;DI;DI_1623;Вентилятор выключен;34127;7;0.1;0.1
1626;DI;DI_1624;Принтер неисправен;34128;7;0.1;0.1
1627;DI;DI_1625;Дверь открыта;34129;7;0.1;0.1
1628;DI;DI_1626;Вентилятор выключен;34130;7;0.1;0.1
1629;DI;DI_1627;Принтер неисправен;34131;7;0.1;0.1
1630;DI;DI_1628;Дверь открыта;34132;7;0.1;0.1
1631;DI;DI_1629;Вентилятор выключен;34133;7;0.1;0.1
1632;DI;DI_1630;Принтер неисправен;34134;7;0.1;0.1
1633;DI;DI_1631;Дверь открыта;34135;7;0.1;0.1
1634;DI;DI_1632;Вентилятор выключен;34136;7;0.1;0.1
1635;DI;DI_1633;Принтер неисправен;34137;7;0.1;0.1
1636;DI;DI_1634;Дверь открыта;34138;7;0.1;0.1
1637;DI;DI_1635;Вентилятор выключен;34139;7;0.1;0.1
1638;DI;DI_1636;Дверь открыта;34140;7;0.1;0.1
1639;DI;DI_1637;Дверь открыта;34120;7;0.1;0.1
1640;DI;DI_1638;Вентилятор выключен;34121;7;0.1;0.1
1641;DI;DI_1639;Принтер неисправен;34122;7;0.1;0.1
1642;DI;DI_1640;Дверь открыта;34123;7;0.1;0.1
1643;DI;DI_1641;Вентилятор выключен;34124;7;0.1;0.1
1644;DI;DI_1642;Принтер неисправен;34125;7;0.1;0.1
1645;DI;DI_1643;Дверь открыта;34126;7;0.1;0.1
1646;DI;DI_1644;Вентилятор выключен;34127;7;0.1;0.1
1647;DI;DI_1645;Принтер неисправен;34128;7;0.1;0.1
1648;DI;DI_1646;Дверь открыта;34129;7;0.1;0.1
1649;DI;DI_1647;Вентилятор выключен;34130;7;0.1;0.1
1650;DI;DI_1648;Принтер неисправен;34131;7;0.1;0.1
1651;DI;DI_1649;Дверь открыта;34132;7;0.1;0.1
1652;DI;DI_1650;Вентилятор выключен;34133;7;0.1;0.1
1653;DI;DI_1651;Принтер неисправен;34134;7;0.1;0.1
1654;DI;DI_1652;Дверь открыта;34135;7;0.1;0.1
1655;DI;DI_1653;Вентилятор выключен;34136;7;0.1;0.1
1656;DI;DI_1654;Принтер неисправен;34137;7;0.1;0.1
1657;DI;DI_1655;Дверь открыта;34138;7;0.1;0.1
1658;DI;DI_1656;Вентилятор выключен;34139;7;0.1;0.1
1659;DI;DI_1657;Дверь открыта;34140;7;0.1;0.1
1660;DI;DI_1658;Дверь открыта;34120;7;0.1;0.1
1661;DI;DI_1659;Вентилятор выключен;34121;7;0.1;0.1
1662;DI;DI_1660;Принтер неисправен;34122;7;0.1;0.1
1663;DI;DI_1661;Дверь открыта;34123;7;0.1;0.1
1664;DI;DI_1662;Вентилятор выключен;34124;7;0.1;0.1
1665;DI;DI_1663;Принтер неисправен;34125;7;0.1;0.1
1666;DI;DI_1664;Дверь открыта;34126;7;0.1;0.1
1667;DI;DI_1665;Вентилятор выключен;34127;7;0.1;0.1
1668;DI;DI_1666;Принтер неисправен;34128;7;0.1;0.1
1669;DI;DI_1667;Дверь открыта;34129;7;0.1;0.1
1670;DI;DI_1668;Вентилятор выключен;34130;7;0.1;0.1
1671;DI;DI_1669;Принтер неисправен;34131;7;0.1;0.1
1672;DI;DI_1670;Дверь открыта;34132;7;0.1;0.1
1673;DI;DI_1671;Вентилятор выключен;34133;7;0.1;0.1
1674;DI;DI_1672;Принтер неисправен;34134;7;0.1;0.1
1675;DI;DI_1673;Дверь открыта;34135;7;0.1;0.1
